iso3,date,event_binary,n_events,n_articles,max_confidence,has_movement,disruption_types,gdelt_n_raw,coverage_flag
AFG,2018-01-02,1,1,1,0.8,0,protests,1,low
AFG,2018-01-16,1,1,1,0.861,0,protests,1,low
AFG,2018-01-18,0,0,0,0.0,0,,1,low
AFG,2018-01-21,1,1,1,0.615,0,protests,1,low
AFG,2018-01-23,1,1,1,0.89,0,protests,1,low
AFG,2018-01-25,0,0,0,0.0,0,,1,low
AFG,2018-01-29,0,0,0,0.0,0,,1,low
ALB,2018-01-04,0,0,0,0.0,0,,1,low
ALB,2018-01-08,0,0,0,0.0,0,,1,low
ALB,2018-01-09,1,1,1,0.8,1,protests,1,low
ALB,2018-01-12,1,1,1,0.9,1,protests,1,low
ALB,2018-01-13,1,1,1,0.7,0,protests,1,low
ALB,2018-01-14,0,0,0,0.0,0,,1,low
ALB,2018-01-18,0,0,0,0.0,0,,2,low
ALB,2018-01-19,1,1,1,0.7,0,protests,1,low
ALB,2018-01-20,1,1,1,0.7,1,protests,2,low
ALB,2018-01-21,1,1,2,0.75,1,protests,1,low
ALB,2018-01-23,1,1,1,0.788,1,protests,1,low
ALB,2018-01-25,0,0,0,0.0,0,,2,low
ALB,2018-01-26,0,0,0,0.0,0,,3,medium
ALB,2018-01-27,1,1,15,0.919,1,protests,5,medium
ALB,2018-01-28,1,1,15,0.919,1,protests,2,low
ALB,2018-01-29,1,1,15,0.919,1,protests,2,low
ALB,2018-01-30,1,2,16,0.919,1,protests,2,low
ARE,2018-01-15,1,1,1,0.7,0,protests,1,low
ARE,2018-01-18,0,0,0,0.0,0,,1,low
ARG,2018-01-05,0,0,0,0.0,0,,1,low
ARG,2018-01-09,0,0,0,0.0,0,,2,low
ARM,2018-01-08,0,0,0,0.0,0,,1,low
ARM,2018-01-10,1,1,1,0.7,0,protests,1,low
ARM,2018-01-12,0,0,0,0.0,0,,1,low
ARM,2018-01-15,1,1,1,0.92,0,protests,1,low
ARM,2018-01-16,1,1,1,0.945,0,labour_strike,3,medium
ARM,2018-01-24,0,0,0,0.0,0,,1,low
AUS,2018-01-02,1,2,5,0.9,1,protests,5,medium
AUS,2018-01-03,1,1,2,0.7,0,protests,3,medium
AUS,2018-01-04,1,1,1,0.8,0,protests,2,low
AUS,2018-01-06,1,1,1,0.7,0,protests,2,low
AUS,2018-01-07,0,0,0,0.0,0,,1,low
AUS,2018-01-08,1,1,2,1.0,0,protests,3,medium
AUS,2018-01-09,1,2,3,0.966,1,protests,9,medium
AUS,2018-01-10,1,1,2,0.9,1,labour_strike,5,medium
AUS,2018-01-12,1,3,5,0.9,1,"labour_strike,protests",3,medium
AUS,2018-01-13,1,2,4,0.9,1,"labour_strike,protests",2,low
AUS,2018-01-14,1,1,2,0.9,0,protests,1,low
AUS,2018-01-15,1,2,3,0.9,0,protests,1,low
AUS,2018-01-16,1,1,2,0.991,1,labour_strike,10,high
AUS,2018-01-17,1,2,2,0.9,1,protests,2,low
AUS,2018-01-18,0,0,0,0.0,0,,6,medium
AUS,2018-01-20,0,0,0,0.0,0,,2,low
AUS,2018-01-21,1,1,3,0.8,1,protests,5,medium
AUS,2018-01-22,0,0,0,0.0,0,,7,medium
AUS,2018-01-23,0,0,0,0.0,0,,6,medium
AUS,2018-01-24,1,1,47,0.984,1,labour_strike,12,high
AUS,2018-01-25,1,2,48,0.984,1,labour_strike,5,medium
AUS,2018-01-26,1,2,70,0.984,1,"labour_strike,protests",28,high
AUS,2018-01-27,1,1,47,0.984,1,labour_strike,3,medium
AUS,2018-01-28,1,1,47,0.984,1,labour_strike,2,low
AUS,2018-01-29,1,2,48,0.984,1,"labour_strike,protests",4,medium
AUS,2018-01-30,1,2,49,0.984,1,"labour_strike,protests",6,medium
AUS,2018-01-31,1,4,51,0.984,1,"labour_strike,protests",5,medium
AUT,2018-01-13,1,1,7,0.9,1,protests,7,medium
AUT,2018-01-14,0,0,0,0.0,0,,2,low
AUT,2018-01-18,0,0,0,0.0,0,,1,low
AUT,2018-01-27,0,0,0,0.0,0,,1,low
BEL,2018-01-10,1,1,1,0.8,0,labour_strike,1,low
BEL,2018-01-13,1,2,2,0.7,0,"labour_strike,protests",1,low
BEL,2018-01-16,1,1,1,0.893,0,protests,1,low
BEL,2018-01-21,0,0,0,0.0,0,,1,low
BEL,2018-01-22,0,0,0,0.0,0,,1,low
BEL,2018-01-26,1,1,1,0.95,0,protests,1,low
BEN,2018-01-05,1,1,1,0.8,0,labour_strike,1,low
BEN,2018-01-17,0,0,0,0.0,0,,1,low
BEN,2018-01-18,0,0,0,0.0,0,,1,low
BEN,2018-01-25,0,0,0,0.0,0,,1,low
BEN,2018-01-29,1,1,1,0.991,0,protests,1,low
BGD,2018-01-01,0,0,0,0.0,0,,1,low
BGD,2018-01-03,0,0,0,0.0,0,,1,low
BGD,2018-01-04,0,0,0,0.0,0,,1,low
BGD,2018-01-05,1,1,2,0.8,1,protests,3,medium
BGD,2018-01-06,0,0,0,0.0,0,,2,low
BGD,2018-01-08,1,1,1,0.9,0,labour_strike,1,low
BGD,2018-01-09,0,0,0,0.0,0,,2,low
BGD,2018-01-10,0,0,0,0.0,0,,1,low
BGD,2018-01-12,1,1,1,0.9,0,protests,2,low
BGD,2018-01-14,1,1,1,0.8,0,protests,3,medium
BGD,2018-01-15,1,1,1,0.8,0,protests,1,low
BGD,2018-01-16,0,0,0,0.0,0,,1,low
BGD,2018-01-17,0,0,0,0.0,0,,1,low
BGD,2018-01-18,1,1,1,0.6,1,protests,1,low
BGD,2018-01-19,1,2,7,0.819,1,protests,4,medium
BGD,2018-01-20,0,0,0,0.0,0,,3,medium
BGD,2018-01-22,0,0,0,0.0,0,,1,low
BGD,2018-01-23,0,0,0,0.0,0,,2,low
BGD,2018-01-25,1,1,1,0.78,1,protests,2,low
BGD,2018-01-26,1,1,3,0.957,1,protests,2,low
BGD,2018-01-28,1,2,4,0.957,1,protests,2,low
BGD,2018-01-29,1,1,3,0.957,1,protests,2,low
BGD,2018-01-31,0,0,0,0.0,0,,2,low
BGR,2018-01-04,1,1,1,0.8,0,protests,1,low
BGR,2018-01-06,0,0,0,0.0,0,,1,low
BHR,2018-01-25,1,1,1,0.7,0,protests,2,low
BHS,2018-01-12,1,1,1,0.7,0,protests,1,low
BLZ,2018-01-06,1,1,1,0.8,0,labour_strike,1,low
BLZ,2018-01-08,0,0,0,0.0,0,,1,low
BLZ,2018-01-17,0,0,0,0.0,0,,1,low
BLZ,2018-01-20,1,1,1,0.776,0,labour_strike,1,low
BLZ,2018-01-22,0,0,0,0.0,0,,1,low
BLZ,2018-01-28,0,0,0,0.0,0,,1,low
BOL,2018-01-03,0,0,0,0.0,0,,1,low
BOL,2018-01-04,0,0,0,0.0,0,,1,low
BRA,2018-01-10,0,0,0,0.0,0,,3,medium
BRA,2018-01-27,0,0,0,0.0,0,,1,low
BRB,2018-01-13,0,0,0,0.0,0,,1,low
BRB,2018-01-23,0,0,0,0.0,0,,1,low
BRN,2018-01-10,0,0,0,0.0,0,,1,low
BWA,2018-01-23,0,0,0,0.0,0,,1,low
CAN,2018-01-02,1,1,3,0.7,1,protests,6,medium
CAN,2018-01-04,0,0,0,0.0,0,,2,low
CAN,2018-01-05,1,2,4,0.9,1,protests,7,medium
CAN,2018-01-06,1,3,5,0.9,1,"labour_strike,protests",5,medium
CAN,2018-01-08,1,1,2,0.8,0,labour_strike,4,medium
CAN,2018-01-09,1,3,23,1.0,1,"labour_strike,protests",7,medium
CAN,2018-01-10,1,1,20,1.0,1,protests,24,high
CAN,2018-01-12,1,2,21,1.0,1,"labour_strike,protests",7,medium
CAN,2018-01-13,0,0,0,0.0,0,,4,medium
CAN,2018-01-14,0,0,0,0.0,0,,9,medium
CAN,2018-01-15,1,2,2,0.8,1,"labour_strike,protests",17,high
CAN,2018-01-16,1,1,1,0.8,0,labour_strike,3,medium
CAN,2018-01-17,1,1,1,0.8,0,labour_strike,3,medium
CAN,2018-01-18,1,1,26,0.963,1,protests,9,medium
CAN,2018-01-19,1,1,26,0.963,1,protests,5,medium
CAN,2018-01-20,1,1,26,0.963,1,protests,9,medium
CAN,2018-01-21,1,1,26,0.963,1,protests,4,medium
CAN,2018-01-22,1,2,27,0.963,1,protests,5,medium
CAN,2018-01-23,1,2,2,0.8,0,protests,7,medium
CAN,2018-01-24,1,2,2,0.893,0,"labour_strike,protests",4,medium
CAN,2018-01-25,1,1,1,0.8,0,protests,1,low
CAN,2018-01-26,1,1,1,0.6,0,labour_strike,3,medium
CAN,2018-01-27,0,0,0,0.0,0,,1,low
CAN,2018-01-28,1,2,3,0.956,1,protests,1,low
CAN,2018-01-29,1,2,2,0.8,0,protests,8,medium
CAN,2018-01-30,1,1,1,0.7,0,labour_strike,3,medium
CHE,2018-01-04,0,0,0,0.0,0,,1,low
CHE,2018-01-08,0,0,0,0.0,0,,1,low
CHE,2018-01-14,1,1,1,0.8,1,protests,1,low
CHE,2018-01-23,1,3,16,0.934,1,"labour_strike,protests",2,low
CHE,2018-01-24,1,1,7,0.919,1,protests,10,high
CHE,2018-01-25,1,1,7,0.919,1,protests,3,medium
CHE,2018-01-26,1,1,7,0.919,1,protests,1,low
CHE,2018-01-29,1,1,1,0.607,0,labour_strike,1,low
CHE,2018-01-30,1,1,1,0.731,0,labour_strike,1,low
CHL,2018-01-16,1,1,6,0.8,0,protests,4,medium
CHL,2018-01-17,0,0,0,0.0,0,,1,low
CHL,2018-01-18,0,0,0,0.0,0,,1,low
CHN,2018-01-05,0,0,0,0.0,0,,1,low
CHN,2018-01-06,0,0,0,0.0,0,,1,low
CHN,2018-01-08,0,0,0,0.0,0,,1,low
CHN,2018-01-10,0,0,0,0.0,0,,1,low
CHN,2018-01-12,0,0,0,0.0,0,,2,low
CHN,2018-01-13,0,0,0,0.0,0,,1,low
CHN,2018-01-16,0,0,0,0.0,0,,1,low
CHN,2018-01-17,1,1,1,0.7,0,labour_strike,3,medium
CHN,2018-01-23,0,0,0,0.0,0,,2,low
CHN,2018-01-24,1,1,1,0.7,0,labour_strike,1,low
CMR,2018-01-09,1,1,1,0.9,0,protests,1,low
CMR,2018-01-29,1,1,1,0.7,0,protests,1,low
COD,2018-01-01,1,1,20,0.9,1,protests,16,high
COD,2018-01-02,1,1,20,0.9,1,protests,4,medium
COD,2018-01-03,1,1,20,0.9,1,protests,1,low
COD,2018-01-04,0,0,0,0.0,0,,1,low
COD,2018-01-05,0,0,0,0.0,0,,3,medium
COD,2018-01-06,0,0,0,0.0,0,,3,medium
COD,2018-01-07,0,0,0,0.0,0,,1,low
COD,2018-01-08,0,0,0,0.0,0,,1,low
COD,2018-01-09,1,1,2,0.9,1,protests,1,low
COD,2018-01-10,1,1,2,0.9,1,protests,1,low
COD,2018-01-11,0,0,0,0.0,0,,1,low
COD,2018-01-16,0,0,0,0.0,0,,2,low
COD,2018-01-17,0,0,0,0.0,0,,1,low
COD,2018-01-21,1,1,20,0.965,1,protests,7,medium
COD,2018-01-22,1,1,20,0.965,1,protests,8,medium
COD,2018-01-23,1,1,20,0.965,1,protests,2,low
COD,2018-01-24,1,1,20,0.965,1,protests,1,low
COD,2018-01-27,0,0,0,0.0,0,,3,medium
COD,2018-01-30,0,0,0,0.0,0,,1,low
COL,2018-01-08,0,0,0,0.0,0,,1,low
COL,2018-01-12,0,0,0,0.0,0,,1,low
COL,2018-01-22,1,1,2,0.7,0,labour_strike,1,low
COL,2018-01-27,1,2,8,0.9,0,"labour_strike,protests",1,low
COL,2018-01-29,1,2,8,0.9,0,"labour_strike,protests",5,medium
COL,2018-01-30,1,1,6,0.9,0,protests,3,medium
CRI,2018-01-17,0,0,0,0.0,0,,1,low
CUB,2018-01-02,0,0,0,0.0,0,,1,low
CYP,2018-01-25,0,0,0,0.0,0,,1,low
DEU,2018-01-05,0,0,0,0.0,0,,4,medium
DEU,2018-01-06,0,0,0,0.0,0,,2,low
DEU,2018-01-07,0,0,0,0.0,0,,2,low
DEU,2018-01-08,1,1,12,1.0,1,labour_strike,5,medium
DEU,2018-01-09,1,1,12,1.0,1,labour_strike,3,medium
DEU,2018-01-10,1,1,12,1.0,1,labour_strike,2,low
DEU,2018-01-12,1,1,12,1.0,1,labour_strike,1,low
DEU,2018-01-14,1,1,12,1.0,1,labour_strike,1,low
DEU,2018-01-16,1,1,12,1.0,1,labour_strike,3,medium
DEU,2018-01-23,1,1,2,0.8,1,protests,1,low
DEU,2018-01-24,1,1,5,0.983,1,labour_strike,2,low
DEU,2018-01-27,1,3,8,0.983,1,"labour_strike,protests",4,medium
DEU,2018-01-28,1,1,5,0.983,1,labour_strike,1,low
DEU,2018-01-29,1,2,6,0.983,1,"labour_strike,protests",2,low
DEU,2018-01-30,1,1,5,0.983,1,labour_strike,1,low
DEU,2018-01-31,1,2,6,0.983,1,"labour_strike,protests",4,medium
DNK,2018-01-27,0,0,0,0.0,0,,1,low
DZA,2018-01-03,1,1,2,0.9,0,protests,1,low
DZA,2018-01-04,0,0,0,0.0,0,,1,low
DZA,2018-01-08,1,1,1,0.9,0,labour_strike,1,low
DZA,2018-01-15,1,1,1,0.9,0,labour_strike,1,low
DZA,2018-01-23,0,0,0,0.0,0,,1,low
DZA,2018-01-26,0,0,0,0.0,0,,1,low
ECU,2018-01-23,0,0,0,0.0,0,,1,low
ECU,2018-01-24,0,0,0,0.0,0,,1,low
ECU,2018-01-27,0,0,0,0.0,0,,1,low
EGY,2018-01-06,1,1,3,0.9,0,protests,2,low
EGY,2018-01-07,1,2,4,0.9,0,protests,1,low
EGY,2018-01-08,1,1,3,0.9,0,protests,1,low
EGY,2018-01-14,0,0,0,0.0,0,,1,low
EGY,2018-01-24,1,1,1,0.7,0,protests,1,low
EGY,2018-01-25,1,1,1,0.713,1,protests,1,low
EGY,2018-01-28,1,1,4,0.765,1,protests,1,low
EGY,2018-01-30,1,1,4,0.765,1,protests,2,low
EGY,2018-01-31,1,1,4,0.765,1,protests,3,medium
ESP,2018-01-05,0,0,0,0.0,0,,1,low
ESP,2018-01-09,0,0,0,0.0,0,,1,low
ESP,2018-01-26,0,0,0,0.0,0,,1,low
ESP,2018-01-31,0,0,0,0.0,0,,1,low
ETH,2018-01-08,1,1,1,0.9,0,protests,1,low
FIN,2018-01-02,0,0,0,0.0,0,,1,low
FIN,2018-01-03,0,0,0,0.0,0,,2,low
FIN,2018-01-04,1,1,1,0.8,0,labour_strike,1,low
FIN,2018-01-15,1,1,2,0.9,1,labour_strike,2,low
FIN,2018-01-20,1,1,2,0.9,1,labour_strike,1,low
FIN,2018-01-30,0,0,0,0.0,0,,1,low
FIN,2018-01-31,0,0,0,0.0,0,,1,low
FJI,2018-01-02,0,0,0,0.0,0,,1,low
FJI,2018-01-03,1,1,2,0.9,0,labour_strike,1,low
FJI,2018-01-12,1,1,1,0.8,0,labour_strike,1,low
FJI,2018-01-13,0,0,0,0.0,0,,1,low
FJI,2018-01-14,1,1,1,0.9,0,protests,1,low
FJI,2018-01-15,0,0,0,0.0,0,,1,low
FJI,2018-01-20,0,0,0,0.0,0,,1,low
FJI,2018-01-22,1,1,2,0.866,0,labour_strike,1,low
FJI,2018-01-23,1,1,2,0.866,0,labour_strike,1,low
FJI,2018-01-26,0,0,0,0.0,0,,1,low
FRA,2018-01-03,1,1,2,0.9,0,protests,1,low
FRA,2018-01-04,1,1,2,0.9,0,protests,2,low
FRA,2018-01-05,1,3,7,0.9,0,"labour_strike,protests",5,medium
FRA,2018-01-06,1,2,6,0.9,0,"labour_strike,protests",2,low
FRA,2018-01-08,1,1,2,0.7,0,labour_strike,1,low
FRA,2018-01-09,1,1,2,0.7,0,labour_strike,1,low
FRA,2018-01-10,1,1,1,0.8,0,protests,1,low
FRA,2018-01-12,1,2,3,0.8,0,"labour_strike,protests",2,low
FRA,2018-01-13,1,1,2,0.7,0,labour_strike,1,low
FRA,2018-01-17,1,1,5,0.8,0,protests,3,medium
FRA,2018-01-18,1,1,5,0.8,0,protests,2,low
FRA,2018-01-22,1,1,1,0.739,0,labour_strike,2,low
FRA,2018-01-23,0,0,0,0.0,0,,7,medium
FRA,2018-01-24,0,0,0,0.0,0,,1,low
FRA,2018-01-25,1,3,15,0.9,1,protests,6,medium
FRA,2018-01-26,1,2,14,0.9,1,protests,11,high
FRA,2018-01-27,0,0,0,0.0,0,,14,high
FRA,2018-01-28,0,0,0,0.0,0,,12,high
FRA,2018-01-29,0,0,0,0.0,0,,5,medium
FRA,2018-01-30,1,1,1,0.943,0,labour_strike,4,medium
FRA,2018-01-31,0,0,0,0.0,0,,3,medium
GBR,2018-01-01,1,1,1,0.8,0,protests,2,low
GBR,2018-01-02,0,0,0,0.0,0,,4,medium
GBR,2018-01-03,1,2,3,0.7,1,protests,13,high
GBR,2018-01-04,0,0,0,0.0,0,,5,medium
GBR,2018-01-05,1,4,12,1.0,1,"labour_strike,protests",8,medium
GBR,2018-01-06,1,2,10,1.0,1,labour_strike,1,low
GBR,2018-01-07,1,3,14,1.0,1,"labour_strike,protests",4,medium
GBR,2018-01-08,1,4,15,1.0,1,"labour_strike,protests",16,high
GBR,2018-01-09,1,4,15,1.0,1,"labour_strike,protests",6,medium
GBR,2018-01-10,1,1,1,0.8,0,protests,7,medium
GBR,2018-01-12,1,5,21,1.0,1,"labour_strike,protests",8,medium
GBR,2018-01-13,1,3,18,1.0,1,"labour_strike,protests",11,high
GBR,2018-01-14,1,2,17,0.9,1,protests,2,low
GBR,2018-01-15,1,3,18,0.9,1,protests,6,medium
GBR,2018-01-16,1,3,18,0.9,1,protests,8,medium
GBR,2018-01-17,1,5,20,0.9,1,"labour_strike,protests",5,medium
GBR,2018-01-18,1,2,2,0.8,0,"labour_strike,protests",5,medium
GBR,2018-01-19,1,4,5,0.957,1,"labour_strike,protests",5,medium
GBR,2018-01-20,1,6,15,1.0,1,"labour_strike,protests",4,medium
GBR,2018-01-21,1,2,10,1.0,1,protests,5,medium
GBR,2018-01-22,1,4,13,1.0,1,protests,10,high
GBR,2018-01-23,0,0,0,0.0,0,,3,medium
GBR,2018-01-24,1,4,4,0.9,0,protests,9,medium
GBR,2018-01-25,0,0,0,0.0,0,,4,medium
GBR,2018-01-26,1,4,21,0.99,1,"labour_strike,protests",7,medium
GBR,2018-01-27,1,3,20,0.99,1,protests,12,high
GBR,2018-01-28,1,3,20,0.99,1,protests,2,low
GBR,2018-01-29,1,3,20,0.99,1,"labour_strike,protests",17,high
GBR,2018-01-30,1,3,20,0.99,1,"labour_strike,protests",7,medium
GBR,2018-01-31,1,1,1,0.6,0,protests,7,medium
GEO,2018-01-03,1,1,1,0.8,0,protests,1,low
GEO,2018-01-07,0,0,0,0.0,0,,1,low
GEO,2018-01-10,0,0,0,0.0,0,,1,low
GEO,2018-01-20,1,1,1,0.887,0,protests,1,low
GHA,2018-01-02,1,1,1,0.7,0,protests,1,low
GHA,2018-01-03,1,1,1,0.8,0,labour_strike,1,low
GHA,2018-01-07,0,0,0,0.0,0,,1,low
GHA,2018-01-12,1,1,1,0.8,0,protests,2,low
GHA,2018-01-22,1,1,1,0.8,0,protests,1,low
GHA,2018-01-26,0,0,0,0.0,0,,1,low
GHA,2018-01-29,0,0,0,0.0,0,,1,low
GRC,2018-01-05,1,1,1,0.8,0,labour_strike,1,low
GRC,2018-01-08,0,0,0,0.0,0,,1,low
GRC,2018-01-09,1,1,11,0.947,1,protests,2,low
GRC,2018-01-10,1,2,14,0.953,1,"labour_strike,protests",4,medium
GRC,2018-01-12,1,2,14,0.953,1,"labour_strike,protests",4,medium
GRC,2018-01-14,1,2,14,0.953,1,"labour_strike,protests",1,low
GRC,2018-01-15,1,2,14,0.953,1,"labour_strike,protests",3,medium
GRC,2018-01-16,0,0,0,0.0,0,,3,medium
GRC,2018-01-21,1,1,20,0.991,1,protests,9,medium
GRC,2018-01-22,1,1,20,0.991,1,protests,6,medium
GRC,2018-01-23,1,1,20,0.991,1,protests,4,medium
GRC,2018-01-24,0,0,0,0.0,0,,1,low
GRC,2018-01-27,1,1,1,0.7,1,protests,1,low
GRC,2018-01-29,0,0,0,0.0,0,,1,low
GTM,2018-01-17,0,0,0,0.0,0,,1,low
GTM,2018-01-31,0,0,0,0.0,0,,1,low
GUY,2018-01-03,0,0,0,0.0,0,,1,low
GUY,2018-01-04,0,0,0,0.0,0,,1,low
GUY,2018-01-06,0,0,0,0.0,0,,1,low
GUY,2018-01-07,0,0,0,0.0,0,,1,low
GUY,2018-01-10,0,0,0,0.0,0,,2,low
GUY,2018-01-12,1,1,1,0.8,0,protests,1,low
GUY,2018-01-13,0,0,0,0.0,0,,2,low
GUY,2018-01-16,1,1,1,0.7,0,labour_strike,1,low
GUY,2018-01-19,0,0,0,0.0,0,,1,low
GUY,2018-01-25,1,3,3,0.925,0,"labour_strike,protests",3,medium
GUY,2018-01-27,0,0,0,0.0,0,,1,low
HKG,2018-01-01,1,2,21,0.9,1,"labour_strike,protests",15,high
HKG,2018-01-02,1,2,21,0.9,1,"labour_strike,protests",8,medium
HKG,2018-01-03,1,1,2,0.9,0,labour_strike,3,medium
HKG,2018-01-06,0,0,0,0.0,0,,1,low
HKG,2018-01-23,0,0,0,0.0,0,,1,low
HKG,2018-01-26,1,1,5,0.971,0,protests,4,medium
HKG,2018-01-27,0,0,0,0.0,0,,1,low
HKG,2018-01-28,1,1,2,0.904,1,protests,1,low
HKG,2018-01-29,0,0,0,0.0,0,,1,low
HND,2018-01-02,1,1,3,0.8,1,protests,1,low
HND,2018-01-03,1,1,3,0.8,1,protests,4,medium
HND,2018-01-07,1,1,14,0.9,1,protests,14,high
HND,2018-01-08,1,1,14,0.9,1,protests,4,medium
HND,2018-01-09,1,1,14,0.9,1,protests,3,medium
HND,2018-01-13,0,0,0,0.0,0,,1,low
HND,2018-01-20,1,2,5,0.758,1,protests,1,low
HND,2018-01-21,1,1,4,0.758,1,protests,4,medium
HND,2018-01-23,0,0,0,0.0,0,,1,low
HND,2018-01-27,1,1,3,0.893,1,protests,2,low
HND,2018-01-28,0,0,0,0.0,0,,1,low
HND,2018-01-29,1,1,1,0.7,1,protests,1,low
HRV,2018-01-29,1,1,1,0.725,0,protests,1,low
HTI,2018-01-03,1,1,1,0.8,0,labour_strike,1,low
HTI,2018-01-23,0,0,0,0.0,0,,2,low
HTI,2018-01-24,0,0,0,0.0,0,,2,low
IDN,2018-01-04,0,0,0,0.0,0,,3,medium
IDN,2018-01-05,0,0,0,0.0,0,,2,low
IDN,2018-01-12,1,1,4,0.8,0,protests,2,low
IDN,2018-01-13,1,1,4,0.8,0,protests,4,medium
IDN,2018-01-14,0,0,0,0.0,0,,1,low
IDN,2018-01-16,0,0,0,0.0,0,,1,low
IDN,2018-01-18,1,1,1,0.719,0,protests,1,low
IDN,2018-01-22,0,0,0,0.0,0,,1,low
IDN,2018-01-25,0,0,0,0.0,0,,1,low
IND,2018-01-01,1,2,214,1.0,1,"labour_strike,protests",14,high
IND,2018-01-02,1,7,221,1.0,1,"labour_strike,protests",98,high
IND,2018-01-03,1,4,219,1.0,1,"labour_strike,protests",107,high
IND,2018-01-04,1,5,218,1.0,1,"labour_strike,protests",53,high
IND,2018-01-05,1,4,219,1.0,1,"labour_strike,protests",38,high
IND,2018-01-06,1,5,222,1.0,1,"labour_strike,protests",23,high
IND,2018-01-07,1,7,225,1.0,1,"labour_strike,protests",18,high
IND,2018-01-08,1,7,52,1.0,1,"labour_strike,protests",21,high
IND,2018-01-09,1,7,52,1.0,1,"labour_strike,protests",21,high
IND,2018-01-10,1,8,52,1.0,1,"labour_strike,protests",25,high
IND,2018-01-12,1,2,15,1.0,1,protests,20,high
IND,2018-01-13,1,2,13,1.0,1,protests,11,high
IND,2018-01-14,1,1,188,1.0,1,protests,6,medium
IND,2018-01-15,1,5,192,1.0,1,protests,11,high
IND,2018-01-16,1,3,190,1.0,1,protests,9,medium
IND,2018-01-17,1,4,192,1.0,1,"labour_strike,protests",12,high
IND,2018-01-18,1,3,198,1.0,1,"labour_strike,protests",11,high
IND,2018-01-19,1,5,199,1.0,1,"labour_strike,protests",15,high
IND,2018-01-20,1,5,199,1.0,1,"labour_strike,protests",14,high
IND,2018-01-21,1,3,197,1.0,1,"labour_strike,protests",15,high
IND,2018-01-22,1,4,198,1.0,1,"labour_strike,protests",23,high
IND,2018-01-23,1,3,197,1.0,1,"labour_strike,protests",21,high
IND,2018-01-24,1,3,197,1.0,1,"labour_strike,protests",30,high
IND,2018-01-25,1,5,201,1.0,1,"labour_strike,protests",34,high
IND,2018-01-26,1,3,199,1.0,1,"labour_strike,protests",15,high
IND,2018-01-27,1,4,198,1.0,1,"labour_strike,protests",9,medium
IND,2018-01-28,1,2,196,1.0,1,"labour_strike,protests",15,high
IND,2018-01-29,1,2,196,1.0,1,"labour_strike,protests",11,high
IND,2018-01-30,1,3,197,1.0,1,"labour_strike,protests",21,high
IND,2018-01-31,1,4,191,1.0,1,protests,9,medium
IRL,2018-01-02,1,1,1,0.7,0,protests,3,medium
IRL,2018-01-03,0,0,0,0.0,0,,10,high
IRL,2018-01-04,0,0,0,0.0,0,,3,medium
IRL,2018-01-07,1,1,2,0.9,0,protests,1,low
IRL,2018-01-08,0,0,0,0.0,0,,1,low
IRL,2018-01-10,1,2,5,0.9,0,"labour_strike,protests",6,medium
IRL,2018-01-12,0,0,0,0.0,0,,2,low
IRL,2018-01-13,0,0,0,0.0,0,,2,low
IRL,2018-01-16,1,1,1,0.684,1,protests,4,medium
IRL,2018-01-17,1,2,4,0.941,1,protests,4,medium
IRL,2018-01-18,1,1,3,0.925,1,protests,1,low
IRL,2018-01-20,1,1,1,0.955,1,protests,1,low
IRL,2018-01-21,0,0,0,0.0,0,,2,low
IRL,2018-01-22,0,0,0,0.0,0,,3,medium
IRL,2018-01-23,0,0,0,0.0,0,,2,low
IRL,2018-01-26,0,0,0,0.0,0,,1,low
IRL,2018-01-29,0,0,0,0.0,0,,3,medium
IRL,2018-01-31,0,0,0,0.0,0,,1,low
IRN,2018-01-01,1,2,497,1.0,1,protests,151,high
IRN,2018-01-02,1,2,497,1.0,1,protests,173,high
IRN,2018-01-03,1,2,497,1.0,1,protests,172,high
IRN,2018-01-04,1,3,704,1.0,1,protests,136,high
IRN,2018-01-05,1,2,371,1.0,1,protests,71,high
IRN,2018-01-06,1,2,371,1.0,1,protests,46,high
IRN,2018-01-07,1,1,207,1.0,1,protests,41,high
IRN,2018-01-08,1,1,207,1.0,1,protests,45,high
IRN,2018-01-09,1,1,207,1.0,1,protests,53,high
IRN,2018-01-10,1,1,207,1.0,1,protests,39,high
IRN,2018-01-12,1,1,207,1.0,1,protests,12,high
IRN,2018-01-13,1,1,207,1.0,1,protests,1,low
IRN,2018-01-14,1,2,208,1.0,1,"labour_strike,protests",11,high
IRN,2018-01-15,1,1,207,1.0,1,protests,11,high
IRN,2018-01-16,1,1,207,1.0,1,protests,9,medium
IRN,2018-01-17,1,1,207,1.0,1,protests,6,medium
IRN,2018-01-18,1,1,207,1.0,1,protests,10,high
IRN,2018-01-19,1,1,207,1.0,1,protests,3,medium
IRN,2018-01-20,1,1,207,1.0,1,protests,2,low
IRN,2018-01-22,1,1,207,1.0,1,protests,4,medium
IRN,2018-01-23,1,2,211,1.0,1,"labour_strike,protests",3,medium
IRN,2018-01-24,1,2,211,1.0,1,"labour_strike,protests",3,medium
IRN,2018-01-25,1,2,211,1.0,1,"labour_strike,protests",10,high
IRN,2018-01-26,1,1,4,0.995,1,labour_strike,2,low
IRN,2018-01-27,1,1,4,0.995,1,labour_strike,4,medium
IRN,2018-01-28,1,1,4,0.995,1,labour_strike,2,low
IRN,2018-01-29,1,2,20,0.995,1,"labour_strike,protests",6,medium
IRN,2018-01-30,1,2,17,0.964,1,protests,12,high
IRN,2018-01-31,0,0,0,0.0,0,,7,medium
IRQ,2018-01-15,0,0,0,0.0,0,,1,low
IRQ,2018-01-19,1,1,1,0.8,0,protests,1,low
ISL,2018-01-04,0,0,0,0.0,0,,1,low
ISR,2018-01-03,1,1,1,0.8,1,protests,1,low
ISR,2018-01-07,1,2,2,0.9,0,"labour_strike,protests",2,low
ISR,2018-01-08,1,1,1,0.7,1,protests,1,low
ISR,2018-01-09,0,0,0,0.0,0,,1,low
ISR,2018-01-12,1,1,4,0.9,1,protests,1,low
ISR,2018-01-14,1,1,2,0.8,1,protests,2,low
ISR,2018-01-16,0,0,0,0.0,0,,2,low
ISR,2018-01-21,0,0,0,0.0,0,,1,low
ISR,2018-01-22,1,2,6,0.944,1,"labour_strike,protests",4,medium
ISR,2018-01-23,1,2,4,0.9,1,labour_strike,2,low
ISR,2018-01-24,1,1,1,0.8,0,protests,1,low
ISR,2018-01-25,0,0,0,0.0,0,,1,low
ISR,2018-01-31,1,1,1,0.751,0,protests,1,low
ITA,2018-01-03,1,2,2,0.8,0,protests,2,low
ITA,2018-01-08,1,1,1,0.8,0,labour_strike,1,low
ITA,2018-01-15,1,1,2,0.881,0,protests,1,low
ITA,2018-01-17,1,1,2,0.881,0,protests,2,low
ITA,2018-01-18,0,0,0,0.0,0,,1,low
ITA,2018-01-29,0,0,0,0.0,0,,1,low
JAM,2018-01-05,0,0,0,0.0,0,,1,low
JAM,2018-01-06,1,1,1,0.8,0,labour_strike,1,low
JAM,2018-01-30,0,0,0,0.0,0,,1,low
JEY,2018-01-21,0,0,0,0.0,0,,1,low
JPN,2018-01-09,1,1,3,0.8,1,protests,2,low
JPN,2018-01-10,1,1,3,0.8,1,protests,1,low
JPN,2018-01-18,1,1,2,0.6,1,protests,2,low
JPN,2018-01-31,0,0,0,0.0,0,,1,low
KEN,2018-01-01,1,1,1,0.7,1,protests,1,low
KEN,2018-01-03,1,1,3,0.9,0,labour_strike,2,low
KEN,2018-01-04,1,1,3,0.9,0,labour_strike,2,low
KEN,2018-01-05,0,0,0,0.0,0,,1,low
KEN,2018-01-08,1,1,2,0.9,0,labour_strike,4,medium
KEN,2018-01-10,1,1,1,0.8,0,protests,1,low
KEN,2018-01-30,1,1,3,0.797,1,protests,2,low
KEN,2018-01-31,0,0,0,0.0,0,,1,low
KGZ,2018-01-08,1,1,1,0.8,0,protests,2,low
KHM,2018-01-01,1,1,1,0.8,0,protests,1,low
KHM,2018-01-03,1,1,2,0.8,0,protests,2,low
KHM,2018-01-04,1,1,2,0.8,0,protests,1,low
KHM,2018-01-05,0,0,0,0.0,0,,1,low
KHM,2018-01-08,1,1,1,0.8,0,protests,3,medium
KHM,2018-01-10,0,0,0,0.0,0,,1,low
KHM,2018-01-16,0,0,0,0.0,0,,1,low
KHM,2018-01-19,0,0,0,0.0,0,,1,low
KIR,2018-01-28,0,0,0,0.0,0,,3,medium
KOR,2018-01-02,0,0,0,0.0,0,,1,low
KOR,2018-01-04,0,0,0,0.0,0,,1,low
KOR,2018-01-09,1,2,6,0.9,0,"labour_strike,protests",3,medium
KOR,2018-01-10,1,1,5,0.9,0,labour_strike,3,medium
KOR,2018-01-16,1,1,5,0.9,0,labour_strike,2,low
KOR,2018-01-22,1,2,3,0.8,0,protests,2,low
KOR,2018-01-23,1,1,1,0.756,0,protests,2,low
KOR,2018-01-24,1,1,1,0.7,0,labour_strike,1,low
KWT,2018-01-24,0,0,0,0.0,0,,1,low
LBN,2018-01-02,1,1,2,1.0,0,labour_strike,1,low
LBN,2018-01-04,1,1,2,1.0,0,labour_strike,2,low
LBN,2018-01-05,1,1,2,0.9,0,protests,1,low
LBN,2018-01-08,1,1,1,0.9,0,labour_strike,1,low
LBN,2018-01-09,1,1,1,0.7,0,protests,1,low
LBN,2018-01-26,1,1,1,0.7,0,protests,1,low
LBN,2018-01-28,1,2,4,0.987,1,protests,3,medium
LBN,2018-01-29,1,2,4,0.84,1,protests,2,low
LBN,2018-01-30,0,0,0,0.0,0,,1,low
LBN,2018-01-31,0,0,0,0.0,0,,1,low
LBR,2018-01-10,1,2,3,0.8,0,protests,3,medium
LBY,2018-01-08,0,0,0,0.0,0,,2,low
LBY,2018-01-10,0,0,0,0.0,0,,2,low
LBY,2018-01-29,1,1,1,0.98,0,protests,1,low
LKA,2018-01-08,0,0,0,0.0,0,,1,low
LKA,2018-01-14,0,0,0,0.0,0,,1,low
LKA,2018-01-18,1,1,1,0.904,0,labour_strike,1,low
LKA,2018-01-22,1,1,1,0.916,0,protests,1,low
LKA,2018-01-23,1,1,1,0.621,0,protests,1,low
LKA,2018-01-25,0,0,0,0.0,0,,1,low
LKA,2018-01-29,0,0,0,0.0,0,,1,low
LKA,2018-01-30,1,1,1,0.8,0,labour_strike,1,low
LKA,2018-01-31,1,1,1,0.876,0,protests,1,low
LTU,2018-01-05,1,1,1,0.8,0,protests,3,medium
MAR,2018-01-01,0,0,0,0.0,0,,2,low
MAR,2018-01-05,0,0,0,0.0,0,,1,low
MAR,2018-01-26,0,0,0,0.0,0,,1,low
MAR,2018-01-29,0,0,0,0.0,0,,1,low
MDA,2018-01-10,1,1,1,0.7,0,protests,1,low
MDG,2018-01-02,0,0,0,0.0,0,,1,low
MDG,2018-01-05,1,1,1,0.9,0,labour_strike,1,low
MDG,2018-01-06,0,0,0,0.0,0,,1,low
MEX,2018-01-25,1,1,3,0.871,0,protests,1,low
MEX,2018-01-26,1,1,3,0.871,0,protests,1,low
MEX,2018-01-27,0,0,0,0.0,0,,1,low
MEX,2018-01-29,0,0,0,0.0,0,,1,low
MKD,2018-01-21,1,1,6,0.954,1,protests,2,low
MKD,2018-01-22,1,1,6,0.954,1,protests,1,low
MKD,2018-01-23,0,0,0,0.0,0,,1,low
MKD,2018-01-25,0,0,0,0.0,0,,1,low
MKD,2018-01-26,0,0,0,0.0,0,,1,low
MKD,2018-01-29,1,1,1,0.875,1,protests,1,low
MLI,2018-01-15,0,0,0,0.0,0,,1,low
MLI,2018-01-25,0,0,0,0.0,0,,1,low
MLT,2018-01-12,0,0,0,0.0,0,,1,low
MLT,2018-01-24,0,0,0,0.0,0,,2,low
MLT,2018-01-29,1,1,1,0.7,0,protests,1,low
MMR,2018-01-06,0,0,0,0.0,0,,1,low
MMR,2018-01-15,0,0,0,0.0,0,,1,low
MMR,2018-01-17,1,1,7,0.9,1,protests,4,medium
MMR,2018-01-18,1,1,7,0.9,1,protests,1,low
MMR,2018-01-19,0,0,0,0.0,0,,2,low
MMR,2018-01-22,1,1,1,0.95,1,protests,1,low
MMR,2018-01-23,0,0,0,0.0,0,,2,low
MMR,2018-01-24,0,0,0,0.0,0,,1,low
MMR,2018-01-26,0,0,0,0.0,0,,1,low
MMR,2018-01-29,0,0,0,0.0,0,,2,low
MRT,2018-01-04,1,1,1,0.8,0,protests,2,low
MUS,2018-01-28,0,0,0,0.0,0,,1,low
MWI,2018-01-09,0,0,0,0.0,0,,1,low
MWI,2018-01-10,0,0,0,0.0,0,,1,low
MWI,2018-01-16,0,0,0,0.0,0,,1,low
MYS,2018-01-01,1,1,1,0.75,1,protests,1,low
MYS,2018-01-02,0,0,0,0.0,0,,5,medium
MYS,2018-01-03,0,0,0,0.0,0,,2,low
MYS,2018-01-04,0,0,0,0.0,0,,3,medium
MYS,2018-01-05,0,0,0,0.0,0,,5,medium
MYS,2018-01-06,0,0,0,0.0,0,,3,medium
MYS,2018-01-07,0,0,0,0.0,0,,5,medium
MYS,2018-01-08,1,1,1,0.7,0,protests,2,low
MYS,2018-01-13,0,0,0,0.0,0,,1,low
MYS,2018-01-14,0,0,0,0.0,0,,1,low
MYS,2018-01-16,1,2,7,0.969,1,protests,5,medium
MYS,2018-01-17,1,1,5,0.96,1,protests,4,medium
MYS,2018-01-18,1,1,5,0.96,1,protests,1,low
MYS,2018-01-19,1,1,1,0.7,0,protests,1,low
MYS,2018-01-25,0,0,0,0.0,0,,1,low
MYS,2018-01-26,1,1,1,0.934,1,protests,1,low
NAM,2018-01-01,0,0,0,0.0,0,,1,low
NAM,2018-01-04,1,1,1,0.9,0,labour_strike,1,low
NAM,2018-01-08,1,1,1,0.7,0,protests,2,low
NER,2018-01-01,1,1,1,0.9,0,protests,1,low
NER,2018-01-08,0,0,0,0.0,0,,1,low
NER,2018-01-10,0,0,0,0.0,0,,1,low
NER,2018-01-17,1,1,1,0.895,0,labour_strike,2,low
NER,2018-01-27,0,0,0,0.0,0,,1,low
NER,2018-01-31,1,1,1,0.644,0,protests,1,low
NGA,2018-01-01,1,4,17,0.9,1,protests,7,medium
NGA,2018-01-02,1,1,14,0.9,1,protests,9,medium
NGA,2018-01-03,1,4,20,0.9,1,protests,22,high
NGA,2018-01-04,1,5,31,1.0,1,"labour_strike,protests",21,high
NGA,2018-01-05,1,4,26,1.0,1,"labour_strike,protests",8,medium
NGA,2018-01-06,1,3,12,1.0,1,"labour_strike,protests",4,medium
NGA,2018-01-07,1,2,11,1.0,1,labour_strike,2,low
NGA,2018-01-08,1,3,36,1.0,1,"labour_strike,protests",10,high
NGA,2018-01-09,1,3,27,0.9,1,"labour_strike,protests",8,medium
NGA,2018-01-10,1,2,27,0.9,1,protests,21,high
NGA,2018-01-12,1,2,26,0.9,1,protests,3,medium
NGA,2018-01-13,1,1,25,0.9,1,protests,7,medium
NGA,2018-01-14,1,1,25,0.9,1,protests,2,low
NGA,2018-01-15,1,2,7,1.0,1,protests,2,low
NGA,2018-01-16,1,2,7,1.0,1,protests,3,medium
NGA,2018-01-17,1,3,9,1.0,1,protests,3,medium
NGA,2018-01-18,1,3,8,1.0,1,protests,7,medium
NGA,2018-01-19,0,0,0,0.0,0,,3,medium
NGA,2018-01-23,1,4,13,0.984,1,"labour_strike,protests",5,medium
NGA,2018-01-24,1,3,24,0.984,1,"labour_strike,protests",8,medium
NGA,2018-01-25,1,4,21,0.984,1,"labour_strike,protests",5,medium
NGA,2018-01-26,1,3,20,0.984,1,"labour_strike,protests",7,medium
NGA,2018-01-27,1,2,14,0.938,1,"labour_strike,protests",2,low
NGA,2018-01-28,1,1,13,0.938,1,labour_strike,2,low
NGA,2018-01-29,1,6,20,0.975,1,"labour_strike,protests",8,medium
NGA,2018-01-30,1,4,17,0.938,1,"labour_strike,protests",7,medium
NGA,2018-01-31,1,2,2,0.7,0,protests,4,medium
NIC,2018-01-13,0,0,0,0.0,0,,1,low
NLD,2018-01-02,1,1,3,1.0,1,labour_strike,2,low
NLD,2018-01-03,1,1,3,1.0,1,labour_strike,1,low
NLD,2018-01-04,1,1,3,1.0,1,labour_strike,1,low
NLD,2018-01-08,0,0,0,0.0,0,,1,low
NLD,2018-01-12,0,0,0,0.0,0,,1,low
NLD,2018-01-16,0,0,0,0.0,0,,1,low
NLD,2018-01-20,1,1,3,0.987,0,protests,1,low
NLD,2018-01-21,0,0,0,0.0,0,,2,low
NLD,2018-01-22,0,0,0,0.0,0,,1,low
NOR,2018-01-26,1,1,1,0.8,0,protests,1,low
NOR,2018-01-31,1,1,1,0.7,0,protests,1,low
NPL,2018-01-02,0,0,0,0.0,0,,1,low
NPL,2018-01-03,1,2,5,0.9,1,protests,1,low
NPL,2018-01-04,1,1,4,0.9,1,protests,2,low
NPL,2018-01-05,1,2,5,0.9,1,protests,5,medium
NPL,2018-01-06,1,2,6,0.9,1,"labour_strike,protests",1,low
NPL,2018-01-07,1,1,4,0.9,1,protests,2,low
NPL,2018-01-08,1,3,9,0.9,1,protests,2,low
NPL,2018-01-09,1,1,4,0.9,1,protests,4,medium
NPL,2018-01-10,1,1,4,0.9,1,protests,2,low
NPL,2018-01-11,0,0,0,0.0,0,,2,low
NPL,2018-01-12,0,0,0,0.0,0,,3,medium
NPL,2018-01-14,0,0,0,0.0,0,,1,low
NPL,2018-01-16,1,1,1,0.976,1,protests,1,low
NPL,2018-01-17,1,2,5,0.945,1,"labour_strike,protests",1,low
NPL,2018-01-18,1,2,5,0.945,1,"labour_strike,protests",3,medium
NPL,2018-01-19,1,1,3,0.883,1,protests,3,medium
NPL,2018-01-21,1,2,2,0.916,0,"labour_strike,protests",2,low
NPL,2018-01-28,1,1,1,0.969,1,protests,1,low
NPL,2018-01-30,1,1,1,0.626,0,protests,1,low
NZL,2018-01-01,1,1,1,0.8,0,protests,2,low
NZL,2018-01-03,0,0,0,0.0,0,,6,medium
NZL,2018-01-04,0,0,0,0.0,0,,3,medium
NZL,2018-01-05,0,0,0,0.0,0,,3,medium
NZL,2018-01-06,0,0,0,0.0,0,,1,low
NZL,2018-01-07,1,1,1,0.7,0,protests,1,low
NZL,2018-01-08,0,0,0,0.0,0,,1,low
NZL,2018-01-09,1,1,1,0.7,0,protests,1,low
NZL,2018-01-12,0,0,0,0.0,0,,1,low
NZL,2018-01-19,0,0,0,0.0,0,,1,low
NZL,2018-01-26,1,1,1,0.878,0,labour_strike,1,low
NZL,2018-01-27,1,1,1,0.8,0,protests,1,low
OMN,2018-01-22,0,0,0,0.0,0,,1,low
OMN,2018-01-23,1,1,1,0.86,0,protests,1,low
OMN,2018-01-29,0,0,0,0.0,0,,1,low
PAK,2018-01-01,1,3,6,1.0,1,"labour_strike,protests",8,medium
PAK,2018-01-02,1,3,9,0.9,1,protests,8,medium
PAK,2018-01-03,1,2,8,0.9,1,"labour_strike,protests",6,medium
PAK,2018-01-04,1,4,11,1.0,1,"labour_strike,protests",8,medium
PAK,2018-01-05,1,4,13,0.9,1,"labour_strike,protests",6,medium
PAK,2018-01-06,1,6,8,0.9,0,"labour_strike,protests",7,medium
PAK,2018-01-07,1,2,3,0.9,0,"labour_strike,protests",2,low
PAK,2018-01-08,1,6,11,0.9,1,"labour_strike,protests",12,high
PAK,2018-01-09,1,5,129,1.0,1,protests,12,high
PAK,2018-01-10,1,2,126,1.0,1,"labour_strike,protests",10,high
PAK,2018-01-12,1,1,125,1.0,1,protests,12,high
PAK,2018-01-13,1,2,126,1.0,1,protests,8,medium
PAK,2018-01-14,1,2,126,1.0,1,protests,5,medium
PAK,2018-01-15,1,6,131,1.0,1,"labour_strike,protests",9,medium
PAK,2018-01-16,1,2,126,1.0,1,protests,21,high
PAK,2018-01-17,1,1,125,1.0,1,protests,19,high
PAK,2018-01-18,1,2,126,1.0,1,"labour_strike,protests",15,high
PAK,2018-01-19,1,2,126,1.0,1,protests,8,medium
PAK,2018-01-20,1,1,125,1.0,1,protests,7,medium
PAK,2018-01-21,1,2,126,1.0,1,protests,6,medium
PAK,2018-01-22,1,2,126,1.0,1,protests,7,medium
PAK,2018-01-23,1,5,130,1.0,1,"labour_strike,protests",10,high
PAK,2018-01-24,1,2,130,1.0,1,protests,12,high
PAK,2018-01-25,1,2,130,1.0,1,protests,12,high
PAK,2018-01-26,1,3,127,1.0,1,"labour_strike,protests",7,medium
PAK,2018-01-27,1,2,126,1.0,1,protests,5,medium
PAK,2018-01-28,1,2,126,1.0,1,protests,6,medium
PAK,2018-01-29,1,2,126,1.0,1,protests,3,medium
PAK,2018-01-30,1,3,128,1.0,1,"labour_strike,protests",3,medium
PAK,2018-01-31,1,1,125,1.0,1,protests,9,medium
PER,2018-01-02,1,1,1,0.9,0,protests,1,low
PER,2018-01-03,0,0,0,0.0,0,,1,low
PER,2018-01-06,1,1,1,0.7,0,protests,1,low
PER,2018-01-12,0,0,0,0.0,0,,1,low
PER,2018-01-21,0,0,0,0.0,0,,1,low
PHL,2018-01-01,1,1,1,0.9,0,protests,1,low
PHL,2018-01-02,1,1,1,0.7,0,labour_strike,2,low
PHL,2018-01-03,0,0,0,0.0,0,,1,low
PHL,2018-01-04,0,0,0,0.0,0,,1,low
PHL,2018-01-05,0,0,0,0.0,0,,1,low
PHL,2018-01-06,1,1,1,0.8,0,labour_strike,1,low
PHL,2018-01-09,1,1,2,0.8,0,protests,4,medium
PHL,2018-01-10,1,2,3,0.8,0,protests,2,low
PHL,2018-01-15,1,1,10,0.841,1,protests,1,low
PHL,2018-01-18,1,1,10,0.841,1,protests,3,medium
PHL,2018-01-19,1,1,10,0.841,1,protests,7,medium
PHL,2018-01-23,0,0,0,0.0,0,,2,low
PHL,2018-01-27,0,0,0,0.0,0,,1,low
PHL,2018-01-29,1,1,1,0.633,1,protests,1,low
PNG,2018-01-14,0,0,0,0.0,0,,1,low
POL,2018-01-03,1,1,2,0.9,0,protests,3,medium
POL,2018-01-04,1,1,1,0.9,0,protests,1,low
POL,2018-01-07,0,0,0,0.0,0,,1,low
POL,2018-01-12,0,0,0,0.0,0,,1,low
POL,2018-01-14,0,0,0,0.0,0,,1,low
PRT,2018-01-22,0,0,0,0.0,0,,1,low
PRT,2018-01-25,0,0,0,0.0,0,,1,low
PRY,2018-01-25,0,0,0,0.0,0,,1,low
PSE,2018-01-03,1,1,2,0.8,1,protests,1,low
PSE,2018-01-04,0,0,0,0.0,0,,1,low
PSE,2018-01-05,1,1,2,0.9,0,protests,1,low
PSE,2018-01-06,0,0,0,0.0,0,,1,low
PSE,2018-01-08,1,1,1,0.9,0,protests,2,low
PSE,2018-01-13,0,0,0,0.0,0,,1,low
PSE,2018-01-19,1,1,1,0.863,1,protests,1,low
PSE,2018-01-20,1,1,1,0.876,1,protests,1,low
PSE,2018-01-22,0,0,0,0.0,0,,1,low
PSE,2018-01-23,1,2,3,0.8,1,"labour_strike,protests",1,low
PSE,2018-01-24,1,1,2,0.879,1,protests,2,low
PSE,2018-01-25,0,0,0,0.0,0,,1,low
PSE,2018-01-29,1,2,5,0.99,1,"labour_strike,protests",3,medium
PSE,2018-01-30,1,1,4,0.99,1,protests,1,low
PSE,2018-01-31,0,0,0,0.0,0,,1,low
ROU,2018-01-20,1,1,2,0.99,0,protests,1,low
ROU,2018-01-22,1,1,2,0.99,0,protests,1,low
RUS,2018-01-17,0,0,0,0.0,0,,1,low
RUS,2018-01-19,1,1,1,0.6,0,protests,1,low
RUS,2018-01-27,1,1,42,0.992,0,protests,1,low
RUS,2018-01-28,1,1,42,0.992,0,protests,28,high
RUS,2018-01-29,1,2,43,0.992,0,protests,15,high
RUS,2018-01-30,0,0,0,0.0,0,,2,low
SAU,2018-01-01,0,0,0,0.0,0,,1,low
SAU,2018-01-02,1,2,48,1.0,1,"labour_strike,protests",3,medium
SAU,2018-01-05,1,1,47,1.0,1,protests,1,low
SAU,2018-01-06,1,1,47,1.0,1,protests,23,high
SAU,2018-01-07,1,1,47,1.0,1,protests,22,high
SAU,2018-01-08,1,1,47,1.0,1,protests,6,medium
SAU,2018-01-10,1,1,47,1.0,1,protests,1,low
SAU,2018-01-30,0,0,0,0.0,0,,1,low
SDN,2018-01-06,1,1,18,0.9,1,protests,3,medium
SDN,2018-01-07,1,1,18,0.9,1,protests,7,medium
SDN,2018-01-08,1,1,18,0.9,1,protests,12,high
SDN,2018-01-09,1,1,18,0.9,1,protests,4,medium
SDN,2018-01-10,0,0,0,0.0,0,,1,low
SDN,2018-01-12,1,1,4,0.919,1,protests,3,medium
SDN,2018-01-14,0,0,0,0.0,0,,1,low
SDN,2018-01-17,1,1,2,0.969,1,protests,3,medium
SDN,2018-01-22,0,0,0,0.0,0,,1,low
SDN,2018-01-23,0,0,0,0.0,0,,3,medium
SDN,2018-01-24,0,0,0,0.0,0,,1,low
SEN,2018-01-09,0,0,0,0.0,0,,1,low
SEN,2018-01-31,0,0,0,0.0,0,,1,low
SGP,2018-01-08,0,0,0,0.0,0,,7,medium
SGP,2018-01-09,0,0,0,0.0,0,,2,low
SGP,2018-01-17,0,0,0,0.0,0,,1,low
SGP,2018-01-25,0,0,0,0.0,0,,1,low
SGP,2018-01-31,0,0,0,0.0,0,,1,low
SLB,2018-01-10,1,1,1,0.7,0,protests,1,low
SLE,2018-01-03,0,0,0,0.0,0,,1,low
SLE,2018-01-22,0,0,0,0.0,0,,1,low
SLV,2018-01-12,1,1,1,0.7,0,protests,1,low
SSD,2018-01-13,0,0,0,0.0,0,,1,low
SUR,2018-01-19,1,1,1,0.66,0,protests,1,low
SVN,2018-01-24,1,1,1,0.937,0,protests,1,low
SYR,2018-01-05,1,1,1,0.7,0,protests,1,low
SYR,2018-01-13,1,1,1,0.9,0,protests,1,low
SYR,2018-01-19,0,0,0,0.0,0,,1,low
SYR,2018-01-29,1,1,2,0.703,1,protests,2,low
SYR,2018-01-30,1,2,3,0.8,1,protests,1,low
SYR,2018-01-31,1,1,2,0.703,1,protests,2,low
TCD,2018-01-29,0,0,0,0.0,0,,1,low
TGO,2018-01-01,0,0,0,0.0,0,,1,low
TGO,2018-01-31,1,1,2,0.921,0,labour_strike,2,low
THA,2018-01-03,1,1,1,0.7,0,protests,1,low
THA,2018-01-20,1,1,4,0.986,1,protests,3,medium
THA,2018-01-21,0,0,0,0.0,0,,1,low
THA,2018-01-23,0,0,0,0.0,0,,1,low
THA,2018-01-27,1,1,5,0.911,1,protests,1,low
THA,2018-01-29,1,2,6,0.911,1,"labour_strike,protests",2,low
THA,2018-01-30,1,1,5,0.911,1,protests,3,medium
THA,2018-01-31,0,0,0,0.0,0,,2,low
TTO,2018-01-01,0,0,0,0.0,0,,3,medium
TTO,2018-01-02,1,1,1,0.8,0,protests,1,low
TTO,2018-01-03,0,0,0,0.0,0,,1,low
TTO,2018-01-04,0,0,0,0.0,0,,1,low
TTO,2018-01-09,0,0,0,0.0,0,,1,low
TTO,2018-01-12,1,1,2,0.9,0,protests,1,low
TTO,2018-01-13,0,0,0,0.0,0,,1,low
TTO,2018-01-14,1,1,1,0.9,0,protests,1,low
TTO,2018-01-25,0,0,0,0.0,0,,1,low
TUN,2018-01-09,1,1,71,1.0,1,protests,23,high
TUN,2018-01-10,1,1,71,1.0,1,protests,22,high
TUN,2018-01-11,1,1,71,1.0,1,protests,2,low
TUN,2018-01-12,1,1,71,1.0,1,protests,20,high
TUN,2018-01-13,1,1,71,1.0,1,protests,12,high
TUN,2018-01-14,1,1,71,1.0,1,protests,15,high
TUN,2018-01-15,1,1,71,1.0,1,protests,9,medium
TUN,2018-01-16,0,0,0,0.0,0,,3,medium
TUN,2018-01-18,0,0,0,0.0,0,,3,medium
TUN,2018-01-21,1,1,1,0.979,0,protests,1,low
TUN,2018-01-22,0,0,0,0.0,0,,2,low
TUN,2018-01-23,1,1,5,0.997,1,protests,2,low
TUN,2018-01-25,1,1,5,0.997,1,protests,1,low
TUN,2018-01-26,1,1,5,0.997,1,protests,1,low
TUN,2018-01-27,1,1,5,0.997,1,protests,3,medium
TUN,2018-01-28,0,0,0,0.0,0,,1,low
TUN,2018-01-29,0,0,0,0.0,0,,1,low
TUN,2018-01-31,0,0,0,0.0,0,,2,low
TUR,2018-01-09,1,1,1,0.8,0,protests,2,low
TUR,2018-01-16,0,0,0,0.0,0,,1,low
TUR,2018-01-21,1,1,2,0.808,0,protests,1,low
TUR,2018-01-22,1,1,2,0.808,0,protests,1,low
TUR,2018-01-24,0,0,0,0.0,0,,2,low
TUR,2018-01-25,0,0,0,0.0,0,,1,low
TUR,2018-01-26,1,1,1,0.602,0,labour_strike,3,medium
TUR,2018-01-27,1,1,1,0.949,0,protests,1,low
TUR,2018-01-30,0,0,0,0.0,0,,1,low
TWN,2018-01-05,1,1,6,0.9,0,labour_strike,1,low
TWN,2018-01-06,1,1,6,0.9,0,labour_strike,2,low
TWN,2018-01-07,1,2,12,1.0,1,"labour_strike,protests",3,medium
TWN,2018-01-08,1,2,12,1.0,1,"labour_strike,protests",3,medium
TWN,2018-01-09,1,1,6,0.9,0,labour_strike,1,low
TWN,2018-01-10,1,1,6,0.9,0,labour_strike,3,medium
TWN,2018-01-12,1,1,1,0.7,0,protests,1,low
TWN,2018-01-23,1,1,2,0.932,1,protests,1,low
TWN,2018-01-24,1,1,2,0.932,1,protests,1,low
TZA,2018-01-17,0,0,0,0.0,0,,2,low
UGA,2018-01-03,0,0,0,0.0,0,,1,low
UGA,2018-01-05,0,0,0,0.0,0,,2,low
UGA,2018-01-08,1,1,1,0.7,0,protests,1,low
UGA,2018-01-09,0,0,0,0.0,0,,1,low
UGA,2018-01-19,1,1,1,0.768,0,protests,1,low
UGA,2018-01-23,1,1,1,0.856,0,protests,1,low
UKR,2018-01-02,1,1,1,0.9,0,protests,1,low
UKR,2018-01-10,1,2,2,0.9,0,protests,4,medium
UKR,2018-01-26,1,1,1,0.721,0,protests,1,low
URY,2018-01-17,1,1,1,0.774,0,protests,1,low
URY,2018-01-24,0,0,0,0.0,0,,1,low
USA,2018-01-02,1,4,6,0.9,1,"labour_strike,protests",8,medium
USA,2018-01-03,1,5,14,0.9,1,"labour_strike,protests",14,high
USA,2018-01-04,1,8,21,1.0,1,"labour_strike,protests",35,high
USA,2018-01-05,1,4,10,1.0,0,protests,27,high
USA,2018-01-06,1,4,10,1.0,0,protests,10,high
USA,2018-01-07,1,3,10,1.0,0,protests,11,high
USA,2018-01-08,1,6,23,1.0,0,protests,30,high
USA,2018-01-09,1,7,20,1.0,1,"labour_strike,protests",35,high
USA,2018-01-10,1,4,6,0.9,1,"labour_strike,protests",34,high
USA,2018-01-12,1,6,41,1.0,1,"labour_strike,protests",26,high
USA,2018-01-13,1,4,39,1.0,1,"labour_strike,protests",14,high
USA,2018-01-14,1,6,326,1.0,1,"labour_strike,protests",15,high
USA,2018-01-15,1,9,332,1.0,1,"labour_strike,protests",23,high
USA,2018-01-16,1,7,329,1.0,1,"labour_strike,protests",29,high
USA,2018-01-17,1,5,304,1.0,1,"labour_strike,protests",34,high
USA,2018-01-18,1,5,303,1.0,1,"labour_strike,protests",45,high
USA,2018-01-19,1,6,302,1.0,1,"labour_strike,protests",51,high
USA,2018-01-20,1,4,300,1.0,1,"labour_strike,protests",73,high
USA,2018-01-21,1,4,301,1.0,1,"labour_strike,protests",86,high
USA,2018-01-22,1,4,297,1.0,1,"labour_strike,protests",48,high
USA,2018-01-23,1,3,55,0.981,1,"labour_strike,protests",21,high
USA,2018-01-24,1,4,56,0.993,1,"labour_strike,protests",31,high
USA,2018-01-25,1,5,52,0.981,1,"labour_strike,protests",15,high
USA,2018-01-26,1,2,48,0.981,1,protests,22,high
USA,2018-01-27,1,3,49,0.981,1,protests,13,high
USA,2018-01-28,1,3,49,0.981,1,protests,9,medium
USA,2018-01-29,1,3,48,1.0,1,protests,11,high
USA,2018-01-30,1,2,47,0.981,1,"labour_strike,protests",7,medium
USA,2018-01-31,1,3,54,0.996,1,"labour_strike,protests",19,high
VEN,2018-01-02,1,1,1,0.8,0,protests,1,low
VEN,2018-01-03,0,0,0,0.0,0,,1,low
VEN,2018-01-06,1,1,1,0.7,0,protests,1,low
VEN,2018-01-07,0,0,0,0.0,0,,1,low
VEN,2018-01-15,0,0,0,0.0,0,,1,low
VEN,2018-01-16,0,0,0,0.0,0,,1,low
VEN,2018-01-17,0,0,0,0.0,0,,1,low
VEN,2018-01-28,0,0,0,0.0,0,,2,low
VEN,2018-01-30,0,0,0,0.0,0,,1,low
VNM,2018-01-08,0,0,0,0.0,0,,2,low
VNM,2018-01-16,0,0,0,0.0,0,,1,low
VNM,2018-01-19,1,1,1,0.745,0,labour_strike,1,low
VNM,2018-01-22,0,0,0,0.0,0,,1,low
YEM,2018-01-01,0,0,0,0.0,0,,1,low
YEM,2018-01-04,1,1,1,0.7,0,protests,2,low
YEM,2018-01-05,0,0,0,0.0,0,,1,low
YEM,2018-01-09,1,1,1,0.8,0,protests,1,low
YEM,2018-01-10,0,0,0,0.0,0,,2,low
YEM,2018-01-12,1,1,1,0.7,0,protests,2,low
YEM,2018-01-15,0,0,0,0.0,0,,3,medium
YEM,2018-01-17,1,1,1,0.6,0,protests,1,low
YEM,2018-01-24,0,0,0,0.0,0,,2,low
YEM,2018-01-26,0,0,0,0.0,0,,2,low
YEM,2018-01-27,1,1,4,0.927,0,protests,1,low
YEM,2018-01-28,1,1,4,0.927,0,protests,4,medium
YEM,2018-01-29,1,1,4,0.927,0,protests,1,low
YEM,2018-01-30,0,0,0,0.0,0,,1,low
YEM,2018-01-31,0,0,0,0.0,0,,1,low
ZAF,2018-01-01,0,0,0,0.0,0,,1,low
ZAF,2018-01-02,0,0,0,0.0,0,,1,low
ZAF,2018-01-03,1,3,3,0.9,1,protests,3,medium
ZAF,2018-01-04,0,0,0,0.0,0,,1,low
ZAF,2018-01-05,1,1,1,0.8,0,protests,2,low
ZAF,2018-01-06,0,0,0,0.0,0,,1,low
ZAF,2018-01-07,0,0,0,0.0,0,,1,low
ZAF,2018-01-08,1,4,4,0.951,1,"labour_strike,protests",2,low
ZAF,2018-01-09,1,3,3,0.8,0,"labour_strike,protests",6,medium
ZAF,2018-01-10,1,2,2,0.8,1,"labour_strike,protests",2,low
ZAF,2018-01-12,1,1,1,0.9,0,protests,3,medium
ZAF,2018-01-13,1,1,26,0.934,1,protests,16,high
ZAF,2018-01-14,1,1,26,0.934,1,protests,7,medium
ZAF,2018-01-15,1,3,44,0.992,1,"labour_strike,protests",7,medium
ZAF,2018-01-16,1,2,43,0.992,1,"labour_strike,protests",7,medium
ZAF,2018-01-17,1,2,19,1.0,1,"labour_strike,protests",3,medium
ZAF,2018-01-18,1,1,17,0.992,1,labour_strike,3,medium
ZAF,2018-01-19,1,1,17,0.992,1,labour_strike,4,medium
ZAF,2018-01-20,1,2,19,0.992,1,"labour_strike,protests",2,low
ZAF,2018-01-21,1,1,17,0.992,1,labour_strike,3,medium
ZAF,2018-01-22,1,4,22,0.992,1,"labour_strike,protests",4,medium
ZAF,2018-01-23,1,2,18,0.992,1,"labour_strike,protests",3,medium
ZAF,2018-01-24,1,3,19,0.992,1,"labour_strike,protests",9,medium
ZAF,2018-01-25,1,3,20,0.992,1,"labour_strike,protests",6,medium
ZAF,2018-01-26,1,2,19,0.992,1,"labour_strike,protests",3,medium
ZAF,2018-01-27,1,2,18,0.992,1,"labour_strike,protests",2,low
ZAF,2018-01-28,1,1,17,0.992,1,labour_strike,2,low
ZAF,2018-01-29,1,2,18,0.992,1,"labour_strike,protests",1,low
ZAF,2018-01-30,1,1,17,0.992,1,labour_strike,4,medium
ZAF,2018-01-31,1,2,19,0.992,1,"labour_strike,protests",5,medium
ZMB,2018-01-05,0,0,0,0.0,0,,1,low
ZMB,2018-01-13,1,1,1,0.8,0,protests,1,low
ZWE,2018-01-01,1,2,3,0.9,0,"labour_strike,protests",5,medium
ZWE,2018-01-02,1,1,1,0.8,0,protests,2,low
ZWE,2018-01-03,0,0,0,0.0,0,,2,low
ZWE,2018-01-06,0,0,0,0.0,0,,1,low
ZWE,2018-01-09,0,0,0,0.0,0,,1,low
ZWE,2018-01-17,0,0,0,0.0,0,,1,low
ZWE,2018-01-18,1,1,1,0.687,0,protests,1,low
ZWE,2018-01-21,0,0,0,0.0,0,,1,low
ZWE,2018-01-22,0,0,0,0.0,0,,1,low
ZWE,2018-01-23,1,1,1,0.859,0,labour_strike,1,low
ZWE,2018-01-26,0,0,0,0.0,0,,1,low
ZWE,2018-01-27,1,1,1,0.7,0,protests,1,low
