url,source_title,llm_disruption_type,expert_disruption_type,expert_probability,disruption_type,classification_source,event_date,publish_date,location_name,duration_hours,extras,confidence
https://www.ksat.com/news/world/2025/01/01/protesters-in-syria-demand-justice-for-disappeared-activists-and-accountability-from-all-factions/,Protesters in Syria demand justice for disappeared activists and accountability from all factions,unknown,protests,0.9370404336887244,protests,expert,2025-01-01,2025-01-01T17:00:26+00:00,,,{},0.0
https://www.app.com.pk/national/russia-central-asian-countries-want-to-trade-through-pakistani-ports-qaiser/,"Russia, Central Asian countries want to trade through Pakistani ports: Qaiser",unknown,country_relations,0.9618574181246736,country_relations,expert,2025-01-01,2025-01-01T16:08:12+00:00,,,{},0.0
https://thehill.com/newsletters/health-care/5061872-how-tariffs-could-affect-health-care-costs/,,unknown,tariffs,0.973010249122799,tariffs,expert,2025-01-01,2025-01-01,,,{},0.0
https://dailytimes.com.pk/1252646/mwm-vows-to-continue-sit-in-despite-crackdown/,,unknown,protests,0.9721409595302442,protests,expert,2024-12-25,2025-01-01,,,{},0.0
https://www.brecorder.com/news/40340552/will-facilitate-protesters-but-not-allow-road-blockade-sindh-minister-says-on-sit-ins-in-karachi,,unknown,protests,0.9446601630677576,protests,expert,2025-01-01,2025-01-01,,,{},0.0
https://english.kyodonews.net:443/news/2025/01/316b429578d7-japan-marks-1-year-since-powerful-noto-quake-rebuilding-remains-slow.html,"Japan marks 1 year since powerful Noto quake, rebuilding remains slow",earthquake,earthquake,0.9478413192838218,earthquake,expert,2025-01-01,2025-01-01T18:24:00+00:00,"Noto Peninsula, Japan",,{},0.9
https://menafn.com/1109046158/Katra-Ropeway-Protest-Detained-Protesters-To-Be-Released-Panel-To-Hold-Talks-With-Sangharsh-Samiti,"Katra Ropeway Protest: Detained Protesters To Be Released, Panel To Hold Talks With Sangharsh Samiti",protests,protests,0.9790569115993806,protests,expert,2025-01-01,2025-01-01,"Katra, Jammu and Kashmir, India",,{},0.8
https://bernews.com/2024/12/weather-forecast-wednesday-january-1-2/,,unknown,cyclone_hurricane,0.9349507546204164,cyclone_hurricane,expert,2025-01-01,2025-01-01,,,{},0.0
https://www.theweek.in/wire-updates/international/2025/01/01/fes18-uk-flood.html,Parts of UK flooded by heavy rain as wild weather continues to disrupt New Year events,flood,flood,0.9848223492124422,flood,expert,2025-01-01,2025-01-01T16:04:56+00:00,"Manchester area, UK",,"{'rainfall_intensity': ""nearly a month's worth of rain fell in two days""}",0.9
https://www.theweek.in/news/india/2025/01/01/protests-against-katra-ropeway-project-suspended-after-talks-with-govt.html,Protests against Katra ropeway project suspended after talks with govt,protests,protests,0.9466957171193666,protests,expert,2025-01-01,2025-01-01T12:05:40+00:00,"Katra, Jammu and Kashmir",,"{'number_arrested_detained': 18, 'number_injured': 1}",0.85
https://www.express.co.uk/news/weather/1994956/uk-weather-latest-flood-wind-warnings,UK weather latest: Flash flooding ravages nation as cars submerged and people trapped,flood,flood,0.9854352539843042,flood,expert,2025-01-01,2025-01-01T13:20:00+00:00,United Kingdom (particularly North West England),,"{'rainfall_anomaly': ""Some parts of the North West received a month's worth of rain in the last 48 hours"", 'rainfall_intensity': {'Honister Pass_mm': 150, 'Rochdale_mm': 77, 'period_hours': 48}}",0.9
https://www.connexionfrance.com/practical/strikes-in-january-2025-and-how-you-may-be-impacted/697248,Strikes in France in January 2025 and how you may be impacted,labour_strike,protests,0.9674341197874858,protests,expert,2024-11-07,2025-01-01T05:00:00+00:00,France (nationwide Auchan supermarkets),,{},0.9
https://reliefweb.int/report/nigeria/nigeria-joint-post-flood-situation-report-borno-state-31-december-2024,,flood,flood,0.9804213884550264,flood,expert,2024-09-09,2025-01-01T14:20:57+00:00,"Maiduguri and Konduga LGA, Borno State, Nigeria",,"{'rainfall_intensity': 'continuous heavy rainfall between July and October 2024', 'reservoir_release': 'Alau Dam collapse/overflow on 2024-09-09'}",0.9
https://www.liverpoolecho.co.uk/news/liverpool-news/homes-flooded-roads-closed-merseyside-30692149,Homes flooded and roads closed as Merseyside battered by torrential rain,flood,flood,0.95550354477821,flood,expert,2025-01-01,2025-01-01T19:02:57+00:00,"Merseyside, UK",,"{'rainfall_intensity': 'torrential/heavy/downpours', 'river_discharge': 'Sankey Canal burst its banks'}",0.9
https://www.globaltimes.cn/page/202501/1326103.shtml,China cuts import tariffs to expand domestic demand,tariffs,tariffs,0.9894932916173544,tariffs,expert,2025-01-01,2025-01-01,China,,"{'affected_products_count': 935, 'tariff_rate': 7.0}",0.9
https://www.azernews.az/region/235938.html,Anti-Discrimination Student Movement march on streets of Dhaka for ousted PM Hasina's prosecution,protests,protests,0.967949336994666,protests,expert,2024-12-25,2025-01-01T04:00:00+00:00,"Dhaka, Bangladesh",,"{'number_participants': 'thousands', 'number_injured': 'thousands'}",0.9
https://naija247news.com/2024/12/31/borno-flood-committee-disburses-n18-billion-to-over-101000-households/,,unknown,flood,0.922490485268425,flood,expert,2025-01-01,2025-01-01,,,{},0.0
https://tribune.com.pk/story/2519447/more-than-300-protesters-booked-for-clashing-with-police-at-karachis-numaish-chowrangi,Over 300 protesters booked after violent clashes with police in Karachi,protests,protests,0.9375231169044648,protests,expert,2025-01-01,2025-01-01T13:17:45+00:00,"Numaish Chowrangi, Karachi, Pakistan",,"{'number_arrested_detained': 19, 'number_injured': 6, 'number_of_regions_involved': 6}",0.8
https://www.asiaone.com/asia/thousands-march-bangladesh-mark-student-led-uprising-ousted-pm-hasina,Thousands march in Bangladesh to mark student-led uprising that ousted PM Hasina,protests,protests,0.9927157304623864,protests,expert,2024-12-31,2025-01-01T01:44:31+00:00,"Dhaka, Bangladesh",,"{'number_participants': 'thousands', 'number_of_regions_involved': 'nationwide'}",0.85
https://www.urdupoint.com/en/pakistan/sindh-govt-warns-protesters-of-strict-action-1902187.html,,unknown,protests,0.917719605613956,protests,expert,2025-01-01,2025-01-01,,,{},0.0
https://www.thenews.com.pk/print/1267474-thousands-march-in-bangladesh-to-mark-student-led-uprising-that-ousted-pm-hasina,Thousands march in Bangladesh to mark student-led uprising that ousted PM Hasina,protests,protests,0.978290555378225,protests,expert,2025-01-01,2024-12-31T19:00:00+00:00,"Dhaka, Bangladesh",,"{'number_participants': 'thousands', 'number_of_regions_involved': 'across the country'}",0.8
https://www.thenews.com.pk/latest/1267490-prolonged-road-blockades-deepen-karachiites-misery-on-day-nine-of-mwm-protests,Prolonged road closures deepen Karachiites misery on day nine of MWM protests,protests,protests,0.937279728996986,protests,expert,2025-01-01,2025-01-01T09:32:00+00:00,Karachi,,"{'number_participants': '300-350', 'duration': 9, 'number_of_regions_involved': 7, 'number_injured': 2}",0.9
https://www.leaderlive.co.uk/news/24827160.warning-issued-river-levels-bangor-on-dee/,Warning issued over 'river levels' at Bangor-on-Dee,flood,flood,0.9343877571126102,flood,expert,2025-01-01,2025-01-01T10:30:25+00:00,"Bangor-on-Dee / River Dee, Wrexham, North Wales",,{},0.9
https://www.clickorlando.com/news/world/2025/01/01/protesters-in-syria-demand-justice-for-disappeared-activists-and-accountability-from-all-factions/,Protesters in Syria demand justice for disappeared activists and accountability from all factions,protests,protests,0.9370404336887244,protests,expert,2025-01-01,2025-01-01T17:00:26+00:00,"Douma, Syria",,{},0.8
https://aninews.in/news/world/asia/pakistan-more-than-300-people-booked-after-clashes-between-police-protesters-in-karachi20250101170011/,,protests,protests,0.9562180356501946,protests,expert,2025-01-01,2025-01-01T11:30:11.190372+00:00,Karachi,,"{'number_participants': 'over 300', 'number_of_regions_involved': 6, 'number_arrested_detained': 19, 'number_injured': 6}",0.9
https://www.kentonline.co.uk/news/national/new-year-s-day-travel-facing-disruption-amid-wind-rain-and-snow-warnings-135828/,"New Year’s Day travel facing disruption amid wind, rain and snow warnings",flood,flood,0.930939761216764,flood,expert,2025-01-01,2025-01-01T09:48:26+00:00,"England, Wales and parts of Scotland (United Kingdom)",,"{'rainfall_intensity': {'Honister Pass (Cumbria)': '150 mm', 'Rochdale (Greater Manchester)': '77 mm'}}",0.9
https://www.burnhamandhighbridgeweeklynews.co.uk/news/national/24827104.new-years-day-travel-facing-disruption-amid-wind-rain-snow-warnings/,"New Year’s Day travel facing disruption amid wind, rain and snow warnings",flood,flood,0.9326218543722442,flood,expert,2025-01-01,2025-01-01T11:22:33+00:00,"Greater Manchester and Cheshire, North West England",,"{'rainfall_intensity': ""Honister Pass ~150mm (nearly 6in) over 48 hours; Rochdale ~77mm (3in) over 48 hours; some parts of the North West saw almost a month's worth of rain in the last 48 hours""}",0.8
https://www.chronicle.co.zw/comment-we-applaud-government-for-its-efforts-in-mitigating-the-impact-of-the-drought-and-water-shortages/,,unknown,drought,0.8983864444408264,drought,expert,2025-01-01,2025-01-01,,,{},0.0
https://voiceofvienna.org/2025/01/taiwans-president-labels-beijing-as-barrier-to-cross-strait-exchanges-highlights-global-authoritarian-threats/,,country_relations,country_relations,0.910027705447466,country_relations,expert,2025-01-01,2025-01-01,Taiwan–China (cross-strait),,"{'countries_involved': ['Taiwan', 'China']}",0.65
https://www.urdupoint.com/en/pakistan/kp-cm-finalizes-action-plan-for-rights-pakist-1902381.html,,unknown,protests,0.878066844552783,protests,expert,2025-01-01,2025-01-01,,,{},0.0
https://www.newsday.com/news/weather/new-years-weather-wind-j0bsulf2,"Long Island forecast: High winds, a mix of clouds and sun",unknown,cyclone_hurricane,0.920413687967762,cyclone_hurricane,expert,2025-01-01,2025-01-02T00:28:06.860000+00:00,,,{},0.0
https://www.hindustantimes.com/world-news/bangladesh-protests-continue-as-activists-demand-proclamation-of-july-uprising-101735707617977.html,,protests,protests,0.930855199257186,protests,expert,2025-01-01,2025-01-01T05:22:38+00:00,"Dhaka, Bangladesh",,{'number_participants': 'thousands'},0.85
https://www.lancashiretelegraph.co.uk/news/24827028.flooding-new-years-day-travel-chaos-greater-manchester/,Flooding: New Year's day travel chaos in Greater Manchester,flood,flood,0.9174250483261386,flood,expert,2025-01-01,2025-01-01T08:49:57+00:00,Greater Manchester,,{'rainfall_intensity': 'heavy'},0.9
https://localnews8.com/news/2025/01/01/protesters-in-syria-demand-justice-for-disappeared-activists-and-accountability-from-all-factions/,,unknown,protests,0.8529625215605454,protests,expert,2025-01-01,2025-01-01,,,{},0.0
https://www.yahoo.com/news/where-did-anti-trump-protesters-123000085.html,,unknown,protests,0.8485522436926525,protests,expert,2025-01-01,2025-01-01,,,{},0.0
https://www.workers.org/2025/01/82928/,"Workers’ message to Amazon, Starbucks – Have yourself a striking little Christmas!",labour_strike,labour_strike,0.9209920600521938,labour_strike,expert,2024-12-19,2025-01-01T18:14:15+00:00,"Multiple U.S. locations (four California cities; Atlanta; Chicago; Queens, New York; JFK8, Staten Island)",168.0,{},0.9
https://ibcworldnews.com/india/minister-chouhan-on-farmers-protest-will-follow-scs-decision/161119,,unknown,protests,0.8433496641201543,protests,expert,2025-01-01,2025-01-01,,,{},0.0
https://www.zmescience.com/ecology/valencia-floods-showed-why-coastal-cities-should-restore-their-wetlands/,Valencia floods showed why coastal cities should restore their wetlands,flood,flood,0.8932127686872562,flood,expert,2024-10-29,2025-01-01T12:24:00+00:00,"Valencia, Spain",,{'rainfall_intensity': 'extreme downpour'},0.9
https://bulawayo24.com/news/national/249507,High rainfall recorded across Zimbabwe,unknown,flood,0.8573462030897934,flood,expert,2025-01-01,2025-01-01,,,{},0.0
https://www.the-star.co.ke/news/2025-01-01-nps-dismisses-reports-linking-duty-roster-to-protests,NPS dismisses reports linking duty roster to protests,protests,protests,0.8914835942483392,protests,expert,2025-01-01,2025-01-01T00:00:00+00:00,Kenya,,{'number_arrested_detained': 53},0.8
https://infotel.ca/newsitem/ml-syria-disappeared-activists/cp2083795721,Protesters in Syria demand justice for disappeared activists and accountability from all factions,protests,protests,0.8871844437602112,protests,expert,2025-01-01,2025-01-01T21:43:24+00:00,"Douma, Syria",,{},0.9
http://www.sahilonline.org/protests-erupt-across-karnataka-over-amit-shahs-remarks-on-ambedkar-and-ct-ravis-insult-to-minister-lakshmi-hebbalkar,Protests erupt across Karnataka over Amit Shah's remarks on Ambedkar and CT Ravi's insult to Minister Lakshmi Hebbalkar,protests,protests,0.8564312534735132,protests,expert,2025-01-01,2024-12-25T20:13:59+00:00,"Karnataka, India",,{},0.85
https://www.manchestereveningnews.co.uk/news/greater-manchester-news/iceland-home-bargains-stores-left-30690798,Iceland and Home Bargains stores left submerged after horrific flooding in Wigan,flood,flood,0.8647690077003579,flood,expert,2025-01-01,2025-01-01T15:26:31+00:00,"Platt Bridge, Wigan, Greater Manchester",,{'rainfall_intensity': 'torrential; described as unprecedented'},0.9
https://www.freepressjournal.in/india/chandigarh-skm-declines-invitation-to-jan-3-supreme-court-panel-meeting-on-farmers-protest,Chandigarh: SKM Declines Invitation To Jan 3 Supreme Court Panel Meeting On Farmers' Protest,protests,protests,0.8855189780852397,protests,expert,2024-02-13,2025-01-01T15:28:41+00:00,"Shambhu and Khanauri borders (Punjab-Haryana, India)",,"{'duration': 'over 10 months', 'number of regions involved': 2}",0.9
https://www.voanews.com/a/protesters-in-syria-call-for-justice-for-disappeared-activists/7921345.html,Protesters in Syria call for justice for disappeared activists,unknown,protests,0.8335612077439425,protests,expert,2024-12-02,2025-01-01T21:34:13+00:00,,,{},0.0
https://news.usni.org/2022/07/27/10-navy-helicopters-suffer-major-damage-several-blown-over-in-sudden-norfolk-storm,,cyclone_hurricane,cyclone_hurricane,0.8471163909158259,cyclone_hurricane,expert,2022-07-27,2025-01-01,"Norfolk, Virginia",,{},0.7
https://eturbonews.com/flooded-six-flags-over-texas-amusement-park/,,unknown,flood,0.8230805552398323,flood,expert,2025-01-01,2025-01-01,,,{},0.0
https://theprint.in/world/protesters-in-bangladesh-demand-government-to-issue-proclamation-of-july-uprising-by-january-15/2426547/,Protesters in Bangladesh demand government to issue Proclamation of July Uprising by January 15,protests,protests,0.90821893635957,protests,expert,2024-12-25,2025-01-01T03:47:02+00:00,"Dhaka, Bangladesh",,{'number_participants': 'thousands'},0.9
https://www.dailyexcelsior.com/govt-sangharsh-samiti-reach-agreement-katra-agitation-suspended/,Govt-Sangharsh Samiti reach agreement; Katra agitation suspended,protests,protests,0.927917299811854,protests,expert,2025-01-01,2024-12-31T23:35:51+00:00,"Katra, Jammu and Kashmir",168.0,"{'number_participants': 'thousands', 'duration': '7 days', 'number_arrested_detained': 18}",0.9
https://www.yahoo.com/news/serbia-enters-student-protests-over-002306760.html,,unknown,protests,0.8198174679332249,protests,expert,2025-01-01,2025-01-01,,,{},0.0
https://www.pennlive.com/news/2025/01/high-winds-blamed-for-power-outages-in-central-pa.html,,unknown,cyclone_hurricane,0.8245153818655753,cyclone_hurricane,expert,2025-01-01,2025-01-01,,,{},0.0
https://www.dailyexcelsior.com/jk-18-protesters-detained-in-stir-against-katra-ropeway-released/,J&K | 18 Protesters Detained In Stir Against Katra Ropeway Released,protests,protests,0.8739909671544093,protests,expert,2025-01-01,2025-01-01T03:30:36+00:00,"Katra, Reasi district, Jammu and Kashmir",168.0,"{'number_arrested_detained': 18, 'duration': '1 week', 'number_participants': 'hundreds'}",0.8
https://www.khmertimeskh.com/501617679/wto-at-30-reaffirms-global-free-trade-and-multilateralism/,,unknown,tariffs,0.8058815587390086,tariffs,expert,2025-01-01,2025-01-01,,,{},0.0
https://www.thetelegraphandargus.co.uk/news/national/24827104.new-years-day-travel-facing-disruption-amid-wind-rain-snow-warnings/,"New Year’s Day travel facing disruption amid wind, rain and snow warnings",flood,flood,0.8561505619641181,flood,expert,2025-01-01,2025-01-01T11:22:33+00:00,England and Wales (notably North West England),,"{'rainfall_intensity': {'Honister Pass_mm_48h': 150, 'Rochdale_mm_48h': 77}, 'rainfall_anomaly': ""almost a month's worth of rain over 48 hours in parts of the North West""}",0.9
https://www.presstelegram.com/2025/01/01/protesters-briefly-step-into-rose-parade-procession/,Protesters detained after briefly stepping into Rose Parade procession,protests,protests,0.882130215795341,protests,expert,2025-01-01,2025-01-01T17:45:04+00:00,"Colorado Boulevard and Oakland Avenue, Pasadena, California",0.3333333333,"{'number_participants': 25, 'duration': '20 minutes', 'number_arrested_detained': 7}",0.9
https://www.dawn.com/news/1882426/karachi-residents-continue-facing-traffic-disruptions-due-to-protests-over-kurram-crisis,MWM chief calls off sit-ins following peace agreement between Kurram factions,protests,protests,0.906913700019398,protests,expert,2025-01-01,2025-01-01T08:31:39+00:00,"Karachi, Pakistan",,"{'duration': 9, 'number_arrested_detained': 19, 'number_injured': 16, 'number_of_regions_involved': 18}",0.9
https://www.radio.gov.pk/01-01-2025/pakistan-committed-to-collaborate-with-un-for-peace-dy-pm,,unknown,country_relations,0.7653016832164816,country_relations,expert,2025-01-01,2025-01-01,,,{},0.0
https://aninews.in/news/world/asia/byc-and-its-supporters-staged-protest-against-extrajudicial-killings-and-violence-in-balochistan20250101145648/,,protests,protests,0.8249960326675018,protests,expert,2025-01-01,2025-01-01T09:26:48.941318+00:00,"Balochistan, Pakistan",,{},0.8
https://www.dawn.com/news/1882329/police-action-to-clear-karachi-roads-of-protesters-sparks-violence,Police action to clear Karachi roads of protesters sparks violence,protests,protests,0.8532847323089054,protests,expert,2025-01-01,2025-01-01T01:59:40+00:00,Karachi,,"{'number_injured': 6, 'number_arrested_detained': 'over two dozen', 'number_of_regions_involved': 18}",0.9
https://www.dawn.com/news/1882426/karachi-residents-continue-to-face-traffic-woes-for-7th-day-due-to-protests-over-kurram-crisis,MWM chief calls off sit-ins following peace agreement between Kurram factions,protests,protests,0.9096808895638132,protests,expert,2025-01-01,2025-01-01T08:31:39+00:00,"Karachi and Kurram district (Parachinar), Pakistan",,"{'number_arrested_detained': 19, 'number_injured': 16}",0.9
https://www.yahoo.com/news/travel-disruption-flood-warnings-kick-092458582.html,Travel disruption and flood warnings kick off New Year,flood,flood,0.838739209023645,flood,expert,2025-01-01,2025-01-01T09:24:58+00:00,United Kingdom,,{'rainfall_intensity': 'heavy rain'},0.9
https://www.urdupoint.com/en/pakistan/four-dacoits-nabbed-cash-weapons-seized-1902330.html,,unknown,country_relations,0.7546015154713163,country_relations,expert,2025-01-01,2025-01-01,,,{},0.0
https://tribune.com.pk/story/2519465/clear-roads-or-face-strict-action-sindh-government-warns-protesters,Sindh govt warns protesters to clear roads or face strict action,protests,protests,0.8404178185736498,protests,expert,2025-01-01,2025-01-01T13:00:22+00:00,"Karachi, Pakistan",,"{'number_participants': 'more than 300 booked', 'duration': 'multiple days', 'number_of_regions_involved': 6, 'number_arrested_detained': 19, 'number_injured': 8}",0.9
https://www.bignewsnetwork.com/news/274906235/taiwan-president-blames-china-actions-for-blocking-cross-strait-dialogue,,unknown,country_relations,0.7567445037915037,country_relations,expert,2025-01-01,2025-01-01,,,{},0.0
https://www.eurasiareview.com/01012025-why-the-trump-administration-needs-to-mend-us-relations-with-turkey-oped/,,unknown,country_relations,0.7509119414753387,country_relations,expert,2025-01-01,2025-01-01,,,{},0.0
https://www.thestatesman.com/world/taiwans-average-temperature-in-2024-hits-record-high-1503381749.html,,unknown,extreme_heat,0.7521402854210135,extreme_heat,expert,2025-01-01,2025-01-01,,,{},0.0
https://www.asiaone.com/singapore/singapore-flagged-ship-collides-japan-flagged-ship-chinas-yangtze-river,Singapore-flagged ship collides with Japan-flagged ship in China's Yangtze river,unknown,country_relations,0.8074480836261371,country_relations,expert,2025-01-01,2025-01-01T01:23:44+00:00,"Yangtze River, China",,{},0.8
http://eng.chinamil.com.cn/OPINIONS_209196/Opinions_209197/16362202.html,Attacks on UN peacekeepers unacceptable,country_relations,country_relations,0.7886052508852115,country_relations,expert,2025-01-01,2025-01-01T00:00:00+00:00,southern Lebanon (UNIFIL positions near Naqoura),,"{'casualties': {'un_peacekeepers_injured': 5, 'civilian_casualties': 'thousands', 'displaced': 'more than 1,000,000'}, 'countries_involved': ['Israel', 'Lebanon', 'China', 'United States']}",0.85
https://www.liverpoolecho.co.uk/news/liverpool-news/homes-cars-submerged-floodwater-canal-30689225,Homes and cars submerged in floodwater as canal 'bursts its banks',flood,flood,0.8174502757056112,flood,expert,2025-01-01,2025-01-01T13:09:00+00:00,"Sankey Canal / Blackbrook Road and West End Road junction, Haydock, St Helens, Merseyside, UK",,"{'rainfall_intensity': 'heavy downpours', 'river_discharge': 'canal burst its banks'}",0.9
https://von.gov.ng/putin-orders-enhanced-ai-collaboration-with-china/,,unknown,country_relations,0.7447243495976918,country_relations,expert,2025-01-01,2025-01-01,,,{},0.0
https://kashmirlife.net/katra-ropeway-protest-suspended-after-talks-with-government-detained-leaders-released-378087/,"Katra Ropeway Protest Suspended After Talks with Government, Detained Leaders Released",protests,protests,0.8252387848855713,protests,expert,2025-01-01,2025-01-01T03:20:32+00:00,"Katra, Jammu and Kashmir, India",168.0,"{'duration': '7 days', 'number_arrested_detained': 18}",0.9
https://www.al-monitor.com/originals/2025/01/11-years-syria-protesters-demand-answers-abducted-activists,"11 years on, Syria protesters demand answers on abducted activists",unknown,protests,0.757200757077816,protests,expert,2025-01-01,2025-01-11T00:00:00+00:00,,,{},0.0
https://www.taipeitimes.com/News/front/archives/2025/01/02/2003829510,Lai proposed cross-strait talks to ease tourism restrictions,country_relations,country_relations,0.7919328498651227,country_relations,expert,2025-01-02,2025-01-01T16:00:00+00:00,Taiwan–China (cross-strait),,"{'countries_involved': ['Taiwan', 'China']}",0.8
https://aninews.in/news/national/politics/police-halt-congress-cpi-ml-leaders-march-to-raj-bhavan-over-bpsc-issue20241231233352/,,protests,protests,0.7795795233445254,protests,expert,2024-12-31,2024-12-31T18:03:52.310048+00:00,"Patna, Bihar, India",,"{'number_participants': 'hundreds', 'number_injured': 'many'}",0.85
http://indiablooms.com/news/chinas-proposed-dam-on-brahmaputra-should-be-cause-for-concern-in-downstream-india-and-bangladesh/details,China's proposed dam on Brahmaputra should be cause for concern in downstream India and Bangladesh,country_relations,flood,0.7619452162885118,flood,expert,2025-01-01,2025-01-01T14:40:17+00:00,"Yarlung Zangbo (Brahmaputra) in Tibet, near Arunachal Pradesh, China",,"{'countries_involved': ['China', 'India', 'Bangladesh']}",0.8
https://www.freepressjournal.in/bhopal/mp-farmers-protest-over-rain-damaged-paddy-in-jabalpur-carry-sacks-of-soaked-crop-to-tehsil-offices,"MP: Farmers Protest Over Rain-Damaged Paddy in Jabalpur, Carry Sacks Of Soaked Crop To Tehsil Offices (WATCH)",flood,protests,0.7579177324138626,protests,expert,2025-01-01,2025-01-01T07:56:57+00:00,"Jabalpur, Madhya Pradesh, India",,"{'rainfall_anomaly': 'unseasonal rains and hailstorms', 'total_procured_mt': 206000, 'affected_paddy_mt': 9300, 'affected_percentage_of_procured': 4.5, 'affected_paddy_mt_of_650_farmers': 5200, 'affected_farmers_count': 650}",0.9
https://www.freepressjournal.in/world/pakistan-over-300-booked-after-violent-clashes-break-out-at-karachis-numaish-chowrangi-19-arrested,Pakistan: Over 300 Booked After Violent Clashes Break Out At Karachi's Numaish Chowrangi; 19 Arrested,protests,protests,0.7602838705449179,protests,expert,2025-01-01,2025-01-01T12:03:51+00:00,"Numaish Chowrangi, Karachi, Pakistan",,"{'number_participants': 'over 300', 'number_arrested_detained': 19, 'number_injured': 6, 'number_of_regions_involved': 6}",0.9
https://dailytrust.com/ondo-resident-doctors-begin-indefinite-strike/,Ondo resident doctors begin indefinite strike,labour_strike,labour_strike,0.7048576540760376,labour_strike,expert,2025-01-01,2025-01-01T01:15:40+00:00,"Ondo, Nigeria",,{},0.8
https://www.farmersjournal.ie/machinery/news/uk-set-to-impose-up-to-83-tariff-on-chinese-built-excavators-849886,UK set to impose up to 83% tariff on Chinese-built excavators,tariffs,tariffs,0.7944494981647447,tariffs,expert,2025-01-01,2024-12-30T00:00:00+00:00,United Kingdom,,"{'tariff_rate': '33.03% (sampled producers) to 83.5% (other exporters) anti-dumping; countervailing duty 0% to 2.93% additional', 'product_scope': 'excavators weighing >=11t and <80t', 'estimated_benefit_to_domestic_producers_per_year_gbp': '3400000', 'investigation_period': '2022-07-01 to 2023-06-30; injury period 2019-07-01 to 2023-06-30'}",0.9
https://www.wgauradio.com/news/world/protesters-syria/R3ZG4MEGF5B3LBQC5RAAKWN2EQ/,This website is unavailable in your location. – WGAU,unknown,protests,0.7066771815554524,protests,expert,2025-01-01,2025-01-01,,,{},0.0
https://www.dutchnews.nl/2025/01/strong-winds-on-new-years-day-and-wintry-weather-on-its-way/,Strong winds on New Year's Day and wintry weather on its way,cyclone_hurricane,cyclone_hurricane,0.7306333143904225,cyclone_hurricane,expert,2025-01-01,2025-01-01T09:40:43+00:00,"Vlieland, Dutch coastal regions (Netherlands)",,"{'storm_category': 'gale force nine', 'wind_speed': '95 kph'}",0.9
https://www.aninews.in/news/world/asia/taiwans-president-blames-chinas-actions-for-blocking-cross-strait-dialogue20250101134821/,,country_relations,country_relations,0.7041243298094859,country_relations,expert,2025-01-01,2025-01-01T08:18:21.074973+00:00,Taiwan–China (cross-strait),,"{'countries_involved': ['China', 'Taiwan']}",0.8
https://www.yahoo.com/news/tens-thousands-people-istanbul-protest-120404731.html,Tens of thousands of people in Istanbul protest Gaza war,protests,protests,0.8329382549564036,protests,expert,2025-01-01,2025-01-01T12:04:04+00:00,"Istanbul (Galata Bridge, Eminönü and Sirkeci districts)",,{'number_participants': 'tens of thousands'},0.85
https://www.washingtontimes.com/news/2024/dec/31/reassessing-u-alliances-even-within-nato/,,unknown,country_relations,0.6831077316714524,country_relations,expert,2025-01-01,2025-01-01,,,{},0.0
https://www.globalsecurity.org/military/library/news/2024/12/mil-241231-irna08.htm,US-UK attacks on Yemen nothing but aggression: Russia,country_relations,country_relations,0.7327722691826932,country_relations,expert,2024-12-31,2025-01-01,Yemen,,"{'countries_involved': ['United States', 'United Kingdom', 'Yemen', 'Israel', 'Iran']}",0.75
https://www.nbcdfw.com/news/national-international/us-imposes-sanctions-on-russian-and-iranian-groups-over-disinformation-targeting-american-voters/3730896/,US imposes sanctions on Russian and Iranian groups over disinformation targeting American voters,country_relations,country_relations,0.7505826063738132,country_relations,expert,2025-01-01,2025-01-01T01:18:30+00:00,United States,,"{'countries_involved': ['United States', 'Russia', 'Iran']}",0.9
https://www.thenews.com.pk/print/1267462-decision-to-clear-roads-of-protests-taken-to-prevent-public-inconvenience-murad,Decision to clear roads of protests taken to prevent public inconvenience: Murad,protests,protests,0.6947336832975933,protests,expert,2025-01-01,2024-12-31T19:00:00+00:00,"Karachi, Sindh, Pakistan",,{'number_of_regions_involved': 12},0.9
https://www.africanews.com/2025/01/01/politician-among-protesters-arrested-in-kenya-while-calling-for-an-end-to-alleged-abductio/,,protests,protests,0.6808689864007136,protests,expert,2025-01-01,2025-01-01,Kenya,,{},0.8
https://news.az/news/azerbaijani-foreign-ministry-summons-iranian-embassy-s-charg-d-affaires,Azerbaijani Foreign Ministry summons Iranian embassy's Chargé d'affaires,country_relations,country_relations,0.7144596331625289,country_relations,expert,2024-12-29,2025-01-01,Azerbaijan,,"{'countries_involved': ['Azerbaijan', 'Iran']}",0.9
https://thenewamerican.com/world-news/un/guterres-claims-top-ten-hottest-years-on-record-in-last-decade/,Guterres Claims “Top Ten Hottest Years on Record” in Last Decade,unknown,extreme_heat,0.6932234227178455,extreme_heat,expert,2025-01-01,2024-12-31T23:29:35+00:00,,,{},0.0
https://www.bignewsnetwork.com/news/274906010/taiwan-detects-2-chinese-aircraft-7-naval-vessels-near-its-shores,,unknown,country_relations,0.6677279682852895,country_relations,expert,2025-01-01,2025-01-01,,,{},0.0
https://eturbonews.com/will-canada-ban-turkish-lufthansa-austrian-qatar-airways-aeroflot-ukraine/,,unknown,trade_embargo,0.6652691759227957,trade_embargo,expert,2025-01-01,2025-01-01,,,{},0.0
https://www.shanghaisun.com/news/274906718/putin-calls-for-ai-alliance-with-china,,unknown,country_relations,0.664111502026378,country_relations,expert,2025-01-01,2025-01-01,,,{},0.0
https://www.investing.com/news/stock-market-news/russia-halts-gas-exports-to-europe-via-ukraine-3793287,,country_relations,trade_embargo,0.6692991432323959,trade_embargo,expert,2025-01-01,2025-01-01,Europe (via Ukraine),,"{'countries_involved': ['Russia', 'Ukraine', 'Europe']}",0.8
https://news.az/news/-ersan-ergur-setbacks-force-russia-to-collaborate-with-turkiye-in-syrias-reconstruction-interview,Ersan Ergür: Setbacks force Russia to collaborate with Türkiye in Syria’s reconstruction - INTERVIEW,unknown,country_relations,0.6894970708999804,country_relations,expert,2025-01-01,2025-01-01,,,{},0.0
https://eturbonews.com/3-killed-deadly-anti-government-protests-egypt/,,unknown,protests,0.6628188164321186,protests,expert,2025-01-01,2025-01-01,,,{},0.0
https://www.kbzk.com/weather/several-weak-disturbances-and-then-a-stronger-pacific-storm-by-friday,Several weak disturbances and then a stronger Pacific storm by Friday,unknown,cyclone_hurricane,0.6873349203169423,cyclone_hurricane,expert,2025-01-01,2024-12-31T19:49:29.856000+00:00,,,{},0.0
https://www.aa.com.tr/en/europe/pro-eu-protests-in-georgia-continue-into-new-year/3439322,,protests,protests,0.7032275725698103,protests,expert,2024-11-28,2025-01-01,"Tbilisi, Georgia",,"{'number_participants': 'thousands', 'duration': 'more than a month'}",0.9
https://www.philstar.com/nation/2025/01/02/2411243/2-die-boat-sinks-northern-samar,2 die as boat sinks off Northern Samar,unknown,flood,0.7165558462047092,flood,expert,2025-01-01,2025-01-01T16:00:00+00:00,"waters off Lavesares town, Northern Samar, Philippines",,{},0.8
https://bulawayo24.com/news/national/249513,Water shortages hits Zimbabwe's cities,drought,flood,0.7383982781116054,flood,expert,2025-01-01,2025-01-01,"Zimbabwe (Bulawayo, Harare, Masvingo)",120.0,"{'rainfall_deviation': 'lowest mid-season rainfall in 40 years', 'reservoir_level': {'Inyakuni Dam': 9, 'Insiza Dam': 36.5, 'Upper Ncema Dam': 1.7}, 'temperature_anomaly': '2024 on track to be the hottest year on record (WMO)', 'water_restrictions': {'high_density_ration_l_per_day': 350, 'previous_high_density_ration_l_per_day': 450, 'low_density_ration_l_per_day': 550, 'previous_low_density_ration_l_per_day': 650, 'water_shedding_hours': 120}}",0.9
https://www.thenews.com.pk/print/1267371-climate-crisis,Climate crisis,flood,drought,0.6636084966570224,drought,expert,2025-01-01,2024-12-31T19:00:00+00:00,Pakistan,,{},0.8
https://vtdigger.org/2024/12/31/winter-storm-forecasted-to-greet-vermont-on-new-years-day/,Winter storm forecast to greet Vermont on New Year’s Day,unknown,cyclone_hurricane,0.6771909228214529,cyclone_hurricane,expert,2025-01-01,2024-12-31T22:49:36+00:00,,,{},0.0
https://www.nbcsandiego.com/news/national-international/us-imposes-sanctions-on-russian-and-iranian-groups-over-disinformation-targeting-american-voters/3712046/,US imposes sanctions on Russian and Iranian groups over disinformation targeting American voters,country_relations,country_relations,0.6746935157696283,country_relations,expert,2025-01-01,2025-01-01T01:18:30+00:00,United States,,{'countries_involved': 3},0.9
https://www.themoscowtimes.com/2025/01/01/finland-imposes-travel-ban-on-tanker-crew-amid-cable-sabotage-probe-a87500,Finland Imposes Travel Ban on Tanker Crew Amid Cable Sabotage Probe,country_relations,trade_embargo,0.6780644169385142,trade_embargo,expert,2025-01-01,2025-01-01T13:45:53+00:00,Gulf of Finland (near Porvoo's Kilpilahti oil port),,"{'countries_involved': ['Finland', 'Estonia', 'Russia', 'Cook Islands']}",0.8
https://www.yahoo.com/news/polar-vortex-bring-shockingly-cold-174007163.html,"Polar vortex to bring shockingly cold temps, potential snowstorm to the Big Apple: ‘May not be escaping the 30s’",unknown,cyclone_hurricane,0.6984961042357767,cyclone_hurricane,expert,2025-01-01,2024-12-31T17:40:07+00:00,,,{},0.0
https://www.yahoo.com/news/zelensky-says-trump-willing-capable-234200966.html,"Zelensky says Trump 'willing, capable of achieving peace and ending Putin’s aggression'",unknown,country_relations,0.6889392913358424,country_relations,expert,2025-01-01,2024-12-31T23:42:00+00:00,,,{},0.0
https://tribune.com.pk/story/2519415/power-tariff-likely-to-be-cut-by-63-paisa,Power tariff likely to be cut by 63 paisa,tariffs,tariffs,0.6711399081734566,tariffs,expert,2025-01-01,2025-01-01T03:00:39+00:00,Pakistan,,{'tariff_rate': 0.6335},0.8
https://www.theguardian.com/commentisfree/2025/jan/01/the-guardian-view-on-russia-and-china-an-old-friendship-poses-new-threats,The Guardian view on Russia and China: an old friendship poses new threats | Editorial,trade_embargo,country_relations,0.6491680038741042,country_relations,expert,2025-01-01,2025-01-01T18:30:20+00:00,Russia,,{},0.8
https://www.rte.ie/news/environment/2025/0101/1488741-china-climate/,"2024 was China's warmest year in decades, breaking record",extreme_heat,extreme_heat,0.6769142989333158,extreme_heat,expert,2024-01-01,2025-01-01T14:57:27+00:00,China,,"{'temperature_anomaly': 'more than 1.0C (national average vs 2023); experimental condition of 3C above norm noted for potato trials', 'power_grid_stress': 'spikes in power consumption reported'}",0.9
https://www.nbcphiladelphia.com/news/national-international/us-imposes-sanctions-on-russian-and-iranian-groups-over-disinformation-targeting-american-voters/4066249/,US imposes sanctions on Russian and Iranian groups over disinformation targeting American voters,country_relations,country_relations,0.6472199804076144,country_relations,expert,2025-01-01,2025-01-01T01:18:30+00:00,United States,,"{'countries_involved': ['United States', 'Russia', 'Iran']}",0.85
https://www.nbclosangeles.com/news/national-international/us-imposes-sanctions-on-russian-and-iranian-groups-over-disinformation-targeting-american-voters/3592369/,US imposes sanctions on Russian and Iranian groups over disinformation targeting American voters,trade_embargo,country_relations,0.6564423625540664,country_relations,expert,2025-01-01,2025-01-01T01:18:30+00:00,United States,,{'sanction_count': 2},0.9
https://www.nbcmiami.com/news/national-international/us-imposes-sanctions-on-russian-and-iranian-groups-over-disinformation-targeting-american-voters/3505016/,US imposes sanctions on Russian and Iranian groups over disinformation targeting American voters,trade_embargo,country_relations,0.6358864908860041,country_relations,expert,2025-01-01,2025-01-01T01:18:30+00:00,United States,,{'sanction_count': 2},0.9
https://www.sandiegouniontribune.com/2025/01/01/oceanside-pays-for-next-phase-of-flood-protection-work/,Oceanside pays for next phase of flood protection work,flood,flood,0.6636764194311865,flood,expert,2024-12-18,2025-01-01T19:07:22+00:00,"San Luis Rey River, Oceanside, California",,{},0.7
https://www.thenews.com.pk/print/1267369-running-dry,Running dry,drought,drought,0.6241378977352083,drought,expert,2025-01-01,2024-12-31T19:00:00+00:00,Pakistan,,"{'temperature_anomaly': 'rising temperatures', 'rainfall_deviation': 'unpredictable rainfall patterns'}",0.8
https://www.defensenews.com/home/2022/11/04/australia-to-buy-lockheed-aircraft-amid-mounting-tensions-with-china/,Australia to buy Lockheed aircraft amid mounting tensions with China,country_relations,country_relations,0.6384603657254432,country_relations,expert,2022-11-04,2022-11-04T14:42:02.926000+00:00,"Royal Australian Air Force Base Tindal, Northern Territory, Australia",,"{'countries_involved': ['Australia', 'China', 'United States']}",0.9
https://tass.com/politics/1895779,Haitian people face neocolonial challenges from outside — Russian Foreign Ministry,unknown,country_relations,0.6591023535995585,country_relations,expert,2025-01-01,2025-01-01T15:56:15+00:00,,,{},0.0
https://eturbonews.com/hong-kong-airlines-and-garuda-indonesia-entering-codeshare-arran/,,unknown,country_relations,0.6136027657569966,country_relations,expert,2025-01-01,2025-01-01,,,{},0.0
https://www.globalsecurity.org/military/library/news/2024/12/mil-241231-irna02.htm,"US, UK conduct multiple strikes on Yemen's capital Sana'a",country_relations,protests,0.6237174539263786,protests,expert,2024-12-31,2025-01-01,"Sana'a, Yemen",,"{'countries_involved': ['United States', 'United Kingdom', 'Yemen']}",0.9
https://www.yahoo.com/news/ukraine-halts-russian-gas-exports-112337587.html,Ukraine halts Russian gas exports to the EU,country_relations,trade_embargo,0.6929799350152284,trade_embargo,expert,2025-01-01,2025-01-02T18:09:32+00:00,Ukraine,,"{'countries_involved': ['Ukraine', 'Russia', 'European Union']}",0.85
https://www.newindianexpress.com/business/2024/Dec/18/gold-import-up-on-tariff-cut-uae-pact,"Gold import up on tariff cut, UAE pact",tariffs,tariffs,0.6264741558873601,tariffs,expert,2024-07-01,2024-12-18T04:21:22.218000+00:00,India,,"{'tariff_rate': 6, 'affected_trade_value': 15000000000}",0.9
https://www.independent.co.uk/news/aleksandar-vucic-ap-belgrade-police-chinese-b2672285.html,"Instead of partying, thousands turn New Year celebration into anti-government protest in Serbia",protests,protests,0.6407197568069052,protests,expert,2025-01-01,2025-01-01T00:12:57+00:00,"Belgrade, Novi Sad and Nis, Serbia",,"{'number_participants': 'tens of thousands', 'duration': 'overnight', 'number_of_regions_involved': 3}",0.9
https://dailytrust.com/benin-republic-govt-protests-terrorist-remarks-by-niger-junta-chief/,BENIN REPUBLIC: Gov’t protests ‘terrorist’ remarks by Niger junta chief,country_relations,protests,0.6197946638844665,protests,expert,2025-01-01,2025-01-01T01:48:36+00:00,Benin–Niger,,"{'countries_involved': ['Benin', 'Niger']}",0.8
https://www.yahoo.com/news/queen-nurses-vote-authorize-strike-223900629.html,Queen’s nurses vote to authorize strike,labour_strike,labour_strike,0.6544715834565744,labour_strike,expert,2025-01-01,2025-01-01T22:39:00+00:00,"The Queen's Health System (Queen's Medical Center), Hawaii",,{'strike_vote_result': 0.9},0.9
https://aninews.in/news/national/politics/cpi-mp-writes-to-maharashtra-cm-fadnavis-demands-action-against-nitish-rane-over-anti-kerala-remarks20250101084414/,,unknown,protests,0.6105261775575245,protests,expert,2025-01-01,2025-01-01T03:14:14.172468+00:00,,,{},0.0
https://pakistankakhudahafiz.com/as-representatives-from-lower-kurram-skip-jirga-sitting-the-peace-pact-is-delayed/,,unknown,protests,0.6007499461628449,protests,expert,2025-01-01,2025-01-01,,,{},0.0
https://weeklyblitz.net/2025/01/02/trumps-grand-bargain-with-china-challenges-and-risks/,Trump’s grand bargain with China challenges and risks,tariffs,tariffs,0.6154085236720686,tariffs,expert,2025-01-01,2025-01-01T18:19:47+00:00,United States - China,,{'tariff_rate': 60},0.9
https://eturbonews.com/milestone-cyprus-syria-relations/,,unknown,country_relations,0.5985636517881735,unknown,llm,2024-01-02,2025-01-01,,,{},0.0
https://www.kyivpost.com/post/44742,Update: Russian Rescue Flotilla to Syria Still Far From Destination,unknown,country_relations,0.6176446913712274,country_relations,expert,2025-01-01,2025-01-01T10:36:46+00:00,off the coast of Spain,,{},0.8
https://eturbonews.com/south-pacific-island-paradise-no-longer-coronavirus-free/,,unknown,cyclone_hurricane,0.6010745355687892,cyclone_hurricane,expert,2025-01-01,2025-01-01,,,{},0.0
https://www.yahoo.com/news/90-queen-medical-center-nurses-040448903.html,90% Queen’s Medical Center nurses vote in favor of strike,labour_strike,labour_strike,0.6290877226965925,labour_strike,expert,2024-12-31,2025-01-01T04:04:48+00:00,"The Queen's Medical Center (Punchbowl and Ewa campuses), Honolulu, Hawaii",,"{'strike_vote_result': '90% in favor; more than 1,900 nurses voted in favor'}",0.9
https://eturbonews.com/severe-weather-threat-aim-kansas-city-st-louis/,,unknown,cyclone_hurricane,0.593855010087968,unknown,llm,2025-01-01,2025-01-01,,,{},0.0
https://www.defensenews.com/congress/2022/11/02/us-china-report-recommends-backchannel-diplomacy-with-chinese-military/,US-China report recommends backchannel diplomacy with Chinese military,unknown,country_relations,0.6145088722519004,country_relations,expert,2025-01-01,2022-11-02T20:45:52.551000+00:00,,,{},0.0
https://aninews.in/news/national/politics/people-will-laugh-sanjay-singh-slams-bjp-for-criticising-kejriwal20250101121836/,,unknown,protests,0.5967392202508573,unknown,llm,2025-01-01,2025-01-01T06:48:36.144937+00:00,,,{},0.0
https://eturbonews.com/turkiye-and-mongolia-flights-on-miat-and-turkish-airlines/,,unknown,country_relations,0.592106439558557,unknown,llm,2025-01-01,2025-01-01,,,{},0.0
https://www.asianage.com/nation/three-dead-12-injured-as-bus-collides-with-tanker-in-gujarat-1851176,"Three dead, 12 injured as bus collides with tanker in Gujarat",unknown,flood,0.6034869779790675,flood,expert,2025-01-01,2025-01-01T12:14:40+00:00,,,{},0.0
https://hpj.com/2024/12/31/ndee-awards-source-water-protection-grant/,NDEE awards Source Water Protection grant,unknown,flood,0.604478993682194,flood,expert,2025-01-01,2025-01-02T14:15:00+00:00,,,{},0.0
https://www.yahoo.com/news/pakistan-india-conduct-annual-exchange-112154367.html,Pakistan and India conduct annual exchange of lists of nuclear assets under bilateral pact,unknown,country_relations,0.6151620501246333,country_relations,expert,2025-01-01,2025-01-01T11:21:54+00:00,,,{},0.0
https://news.ltn.com.tw/news/focus/breakingnews/4910762,《TAIPEI TIMES》Lai proposed cross-strait talks to ease tourism restrictions,country_relations,country_relations,0.621875676650071,country_relations,expert,2025-01-02,2025-01-01T19:00:00+00:00,Taiwan (cross-strait with China),,{'countries_involved': 2},0.8
https://www.dawn.com/news/1882355/iran-aims-to-boost-pakistan-trade-to-10bn-envoy,Iran aims to boost Pakistan trade to $10bn: envoy,unknown,country_relations,0.5946342740641997,unknown,llm,2025-01-01,2025-01-01T01:59:16+00:00,,,{},0.0
https://wbkr.com/winter-storm-forecast-2025-kentucky-indiana/,"Alert: Winter Storm To Hit Western KY, Southern IN, Soutern IL",unknown,cyclone_hurricane,0.615090663863249,cyclone_hurricane,expert,2025-01-01,2025-01-01T14:38:20+00:00,"western Kentucky; southern Indiana; southern Illinois (Tristate: Evansville, Owensboro areas)",,{},0.6
https://www.yahoo.com/news/lpd-officer-involved-shooting-killed-231600611.html,LPD officer-involved shooting that killed Lily man prompts protest,unknown,protests,0.6174071529870924,protests,expert,2024-12-25,2025-01-03T23:17:22+00:00,,,{},0.0
https://kbc.co.ke/police-service-denies-duty-roster-link-to-protests/,,unknown,protests,0.5915627513726289,unknown,llm,2025-01-01,2025-01-01,,,{},0.0
https://www.citizen.digital/news/us-imposes-sanctions-on-entities-in-iran-russia-over-election-interference-n355228,"US imposes sanctions on entities in Iran, Russia over election interference",trade_embargo,country_relations,0.6112390391870075,country_relations,expert,2025-01-01,2025-01-01T19:23:00+00:00,Iran and Russia,,{},0.9
https://www.ariananews.af/us-imposes-sanctions-on-entities-in-iran-russia-over-election-interference/,"US imposes sanctions on entities in Iran, Russia over election interference",country_relations,country_relations,0.6192125782392909,country_relations,expert,2025-01-01,2025-01-01T06:19:53+00:00,"Ras Tanura, Saudi Arabia",,{},0.75
https://www.nbcnewyork.com/news/national-international/us-imposes-sanctions-on-russian-and-iranian-groups-over-disinformation-targeting-american-voters/6090663/,US imposes sanctions on Russian and Iranian groups over disinformation targeting American voters,country_relations,country_relations,0.6013804724971841,country_relations,expert,2025-01-01,2025-01-01T01:18:30+00:00,United States,,"{'countries_involved': ['United States', 'Russia', 'Iran']}",0.9
https://www.ibtimes.com/right-wing-youtubers-back-south-korea-presidents-last-stand-3757509,,protests,protests,0.6066209775775634,protests,expert,2025-01-01,2025-01-01T10:57:08+00:00,"Yoon Suk Yeol's residence, South Korea",,"{'number_participants': 'hundreds', 'duration': 'overnight'}",0.85
https://eturbonews.com/ban-urges-egypt-serve-inspiration-arab-world/,,unknown,trade_embargo,0.5796260122741638,unknown,llm,2025-01-01,2025-01-01,,,{},0.0
http://slguardian.org/wars-for-the-waterways-historical-struggle-for-worlds-strategic-straits-and-canals/,,unknown,country_relations,0.5705814324893106,unknown,llm,2025-01-01,2025-01-01,,,{},0.0
https://www.latestly.com/agency-news/india-news-proposed-dam-in-china-to-damage-brahmaputra-ecosystem-in-assam-himanta-6533850.html,Proposed Dam in China to Damage Brahmaputra Ecosystem in Assam: Himanta,country_relations,flood,0.5916600489211461,country_relations,llm,2024-12-25,2025-01-01T12:46:13+00:00,"Brahmaputra (Yarlung Zangbo), lower reaches in Tibet (near India border)",,"{'countries_involved': ['China', 'India', 'Bangladesh']}",0.8
http://koreabizwire.com/half-of-south-korean-workers-pessimistic-about-workplace-conditions-in-2025-survey-shows/302272,,unknown,labour_strike,0.6081943492573825,labour_strike,expert,2025-01-01,2025-01-01,,,{},0.0
https://guardian.ng/news/benin-protests-remarks-by-niger-junta-chief/,,unknown,protests,0.5726735272659688,unknown,llm,2025-01-01,2025-01-01,,,{},0.0
https://www.app.com.pk/national/issi-holds-roundtable-on-pakistan-china-relations/,ISSI holds roundtable on Pakistan-China relations,unknown,country_relations,0.5852887508726166,unknown,llm,2025-01-01,2025-01-01T10:38:20+00:00,,,{},0.0
https://www.rollingstone.com/politics/politics-news/biden-sanctions-russia-iran-2024-election-meddling-1235222655/,Biden Imposes New Russia and Iran Sanctions Over 2024 Election Meddling,trade_embargo,trade_embargo,0.5925484496007611,trade_embargo,llm,2025-01-01,2024-12-31T21:49:35+00:00,United States (sanctions targeting Russia and Iran),,{},0.9
https://www.azernews.az/region/235965.html,"Putin wants Russia, China to cooperate on AI",unknown,country_relations,0.5787759886075816,unknown,llm,2025-01-01,2025-01-01T15:33:00+00:00,,,{},0.0
https://www.ncr-iran.org/en/news/iran-resistance/over-250-mps-in-uk-parliament-rally-behind-irans-freedom-movement-calling-to-end-executions/,"Over 250 MPs in UK Parliament Rally Behind Iran’s Freedom Movement, Calling to End Executions",unknown,protests,0.5909038208877091,unknown,llm,2025-01-01,2025-01-01T10:51:21+00:00,,,{},0.0
https://www.thenews.com.pk/print/1267475-pak-fm-envoys-discuss-foreign-policy-priorities-for-2025,"Pak FM, envoys discuss foreign policy priorities for 2025",unknown,country_relations,0.5759694073260222,unknown,llm,2025-01-01,2024-12-31T19:00:00+00:00,,,{},0.0
https://www.nbcconnecticut.com/news/national-international/us-imposes-sanctions-on-russian-and-iranian-groups-over-disinformation-targeting-american-voters/3464493/,US imposes sanctions on Russian and Iranian groups over disinformation targeting American voters,trade_embargo,country_relations,0.5900721858050181,trade_embargo,llm,2025-01-01,2025-01-01T01:18:30+00:00,United States,,{'sanction_count': 2},0.85
https://techstory.in/tesla-faces-controversy-for-replacing-laid-off-u-s-workers-with-h-1b-visa-holders/,Tesla Faces Controversy for laying off U.S. Workers,unknown,labour_strike,0.5778645930808427,unknown,llm,2025-01-01,2025-01-01T18:23:50+00:00,,,{},0.0
https://www.thecable.ng/unimedth-resident-doctors-in-ondo-begin-indefinite-strike-over-poor-conditions-of-service/,UNIMEDTH resident doctors in Ondo begin indefinite strike over ‘poor conditions of service’,labour_strike,labour_strike,0.5763732936166533,labour_strike,llm,2025-01-01,2024-12-31T21:00:38+00:00,"University of Medical Sciences Teaching Hospital (UNIMEDTH), Ondo State, Nigeria",,{},0.9
https://www.dawn.com/news/1882426/sindh-govt-offers-last-chance-as-karachi-continues-to-see-traffic-woes-for-7th-day-due-to-mwm-protests,MWM chief calls off sit-ins following peace agreement between Kurram factions,protests,protests,0.5975757560891497,protests,llm,2025-01-01,2025-01-01T08:31:39+00:00,"Parachinar (Kurram district) and Karachi, Pakistan",,"{'duration': 9, 'number_injured': 16, 'number_arrested_detained': 19, 'number of regions involved': 18, 'food_and_medicine_shortages': True}",0.85
https://theindianawaaz.com/russian-gas-exports-to-europe-via-ukraine-halted-as-transit-deal-expires/,Russian gas exports to Europe via Ukraine halted as transit deal expires – The Indian Awaaz,country_relations,trade_embargo,0.5764989085918334,country_relations,llm,2025-01-01,2025-01-01T15:46:34+00:00,Ukraine (transit pipelines to Europe),,"{'countries_involved': ['Russia', 'Ukraine']}",0.9
https://www.amusingplanet.com/2014/10/guaira-falls-natural-wonder-flooded-by.html,Guaíra Falls: A Natural Wonder Flooded By An Artificial Lake,flood,flood,0.5675665364662148,flood,llm,1982-10-27,2014-10-09T15:45:00+00:00,"Guaíra Falls (Sete Quedas), Paraná River on the Brazil–Paraguay border",336.0,{},0.9
http://www.econotimes.com/Putin-Drives-Russias-Government-and-Top-Bank-to-Strengthen-AI-Cooperation-with-China-Amid-Sanctions-1698278,Putin Drives Russia's Government and Top Bank to Strengthen AI Cooperation with China Amid Sanctions,trade_embargo,country_relations,0.5418274064746418,trade_embargo,llm,2025-01-01,2025-01-01T20:29:56+00:00,Russia,,{},0.85
https://www.nationthailand.com/news/world/40044655,"As Sudan turns 69, a look at Thailand’s ties with the African country",unknown,country_relations,0.5363223338691274,unknown,llm,2025-01-01,2025-01-01T01:00:00+00:00,,,{},0.0
https://www.newkerala.com/news/2024/83231.htm,Iron Brother no more: Pakistan-China relations in crisis (IANS Analysis),country_relations,country_relations,0.5536900028944901,country_relations,llm,2024-03-26,2025-01-01T18:27:48+00:00,"Besham, Khyber Pakhtunkhwa, Pakistan",,"{'casualties': 6, 'countries_involved': ['Pakistan', 'China']}",0.92
https://eturbonews.com/finland-to-build-a-wall-on-its-border-with-russia/,,country_relations,country_relations,0.5330341560997247,country_relations,llm,2025-01-01,2025-01-01,Finland–Russia border,,{'countries_involved': 2},0.7
https://www.manchestereveningnews.co.uk/news/greater-manchester-news/travel-warnings-place-greater-manchester-30689871,All the travel warnings in place as Greater Manchester flooding sparks havoc on trains and motorways,flood,flood,0.5713572932959862,flood,llm,2025-01-01,2025-01-01T12:31:37+00:00,Greater Manchester,,{'rainfall_intensity': 'heavy'},0.9
https://www.navhindtimes.in/2025/01/02/opinions/opinion/new-low-in-kabul-islamabad-ties/,New low in Kabul-Islamabad ties,country_relations,country_relations,0.5894091367188866,country_relations,llm,2025-01-01,2025-01-01T18:52:39+00:00,eastern Afghanistan (Paktika province),,"{'casualties': 46, 'countries_involved': ['Pakistan', 'Afghanistan']}",0.8
https://thefrontierpost.com/pakistan-forecasts-thunderstorms-heavy-snowfall-in-northwest-from-january-1-to-6/,"Pakistan forecasts thunderstorms, heavy snowfall in northwest from January 1 to 6",unknown,cyclone_hurricane,0.5524986382044197,unknown,llm,2025-01-01,2025-01-01T07:56:42+00:00,,,{},0.0
https://www.moneycontrol.com/news/world/russia-halts-gas-exports-to-europe-via-ukraine-12901516.html,Russia halts gas exports to Europe via Ukraine,country_relations,trade_embargo,0.5914150534714275,country_relations,llm,2025-01-01,2025-01-01T05:36:50+00:00,Ukraine (transit to Europe),,{},0.8
https://blueprint.ng/borno-flood-committee-receives-n28-2-bn-disburses-n18-08bn-to-101330-households/,"Borno flood: Committee receives N28.2 bn, disburses N18. 08bn to 101,330 households",flood,flood,0.5347120858813372,flood,llm,2025-01-01,2025-01-01T05:06:08+00:00,"Borno State, Nigeria",,{},0.9
https://www.bssnews.net/news-flash/235064,"Rohingya issue; ties with US, India, China priorities in 2025: Touhid",unknown,country_relations,0.5333653577105687,unknown,llm,2025-01-01,2025-01-01,,,{},0.0
https://www.khmertimeskh.com/501617675/thousands-march-calling-for-hasinas-prosecution/,,protests,protests,0.5425588876624404,protests,llm,2025-01-01,2025-01-01,,,{'number_participants': 'thousands'},0.7
https://www.azernews.az/nation/235954.html,Iranian envoy summoned to Azerbaijan’s Foreign Ministry over anti-Azerbaijani remarks,unknown,country_relations,0.5234549663640304,unknown,llm,2025-01-01,2025-01-01T10:45:00+00:00,,,{},0.0
https://www.firstpost.com/world/bangladesh-students-protests-sheikh-hasina-prosecution-proclamation-of-july-uprising-yunus-interim-government-13849061.html,Bangladesh welcomes New Year with protests demanding Sheik Hasina’s prosecution,protests,protests,0.5489425026731142,protests,llm,2024-12-31,2025-01-01T05:27:22+00:00,"Dhaka, Bangladesh",,{'number_participants': 'thousands'},0.9
https://www.nbcchicago.com/news/national-international/us-imposes-sanctions-on-russian-and-iranian-groups-over-disinformation-targeting-american-voters/3635567/,US imposes sanctions on Russian and Iranian groups over disinformation targeting American voters,trade_embargo,country_relations,0.5443096944490042,trade_embargo,llm,2025-01-01,2025-01-01T01:18:30+00:00,United States,,{'sanction_count': 2},0.8
https://www.khmertimeskh.com/501617700/prospect-of-cambodia-us-relations/,,unknown,country_relations,0.5125562691571413,unknown,llm,2025-01-01,2025-01-01,,,{},0.0
https://www.rediff.com/news/special/7-years-later-bhima-koregaon-revisited/20250101.htm,"7 Years Later, Bhima Koregaon Revisited",protests,protests,0.5679604995241236,protests,llm,2018-01-01,2025-01-01T06:22:16+00:00,"Bhima Koregaon, Maharashtra, India",2.0,"{'number_participants': 1200, 'duration': 2, 'number_arrested_detained': 16}",0.8
http://www.china.org.cn/china/Off_the_Wire/2025-01/01/content_117640677.htm,China sends emergency relief supplies to quake-hit Vanuatu,earthquake,earthquake,0.5220492058817022,earthquake,llm,2024-12-17,2025-01-01T00:00:00+00:00,"Port Vila, Vanuatu",,{'max_magnitude': 7.3},0.9
https://focustaiwan.tw/cross-strait/202501010006,Lai proposes talks with Beijing to ease tourism restrictions,country_relations,country_relations,0.522870598784797,country_relations,llm,2025-01-01,2025-01-01T05:09:00+00:00,Taiwan-China cross-strait,,"{'countries_involved': ['Taiwan', 'China']}",0.7
https://www.bssnews.net/news/235092,Touhid to embark on bilateral visit to China from Jan 20,unknown,country_relations,0.5018693878339286,unknown,llm,2025-01-01,2025-01-01,,,{},0.0
https://sputnikglobe.com/20250101/houthis-say-shot-down-us-mq-9-drone-over-yemen-1121327145.html,,unknown,country_relations,0.523539700420139,unknown,llm,2025-01-01,2025-01-01,,,{},0.0
https://www.kxxv.com/news/local-news/in-your-neighborhood/gatesville-family-raises-5k-to-restore-library-after-water-damage,Gatesville family raises $5K to restore library after water damage,unknown,flood,0.5212323911931402,unknown,llm,2025-01-01,2025-01-01T18:46:37.958000+00:00,,,{},0.0
https://www.tbsnews.net/foreign-policy/dhakas-ties-india-china-us-important-foreign-adviser-1032296,Dhaka's ties with Delhi won't get stuck on single issue: Foreign adviser,unknown,country_relations,0.5150059856631222,unknown,llm,2025-01-01,2025-01-01T11:40:00+00:00,,,{},0.0
https://www.centralchronicle.com/us-military-strikes-houthi-targets-in-yemen-centcom/,US military strikes Houthi targets in Yemen – CENTCOM,country_relations,country_relations,0.5233657476385828,country_relations,llm,2025-01-01,2025-01-01T04:29:16+00:00,"Sana'a and coastal Houthi-controlled territory, Yemen (Red Sea/Gulf of Aden)",,"{'countries_involved': ['United States', 'Yemen', 'Iran']}",0.8
https://literock959.com/u-s-strikes-houthi-targets-in-yemen-after-american-warships-attacked/,,unknown,country_relations,0.4946035345303928,unknown,llm,2025-01-01,2025-01-01,,,{},0.0
https://www.tribuneindia.com/news/punjab/farmers-plan-to-intensify-protest-at-shambhu-border/,Farmers plan to intensify protest at Shambhu border,protests,protests,0.5829958206107317,protests,llm,2025-01-01,2025-01-01T20:30:47+00:00,"Shambhu border, Punjab",,{'number_of_regions_involved': 3},0.9
https://pmnewsnigeria.com/2025/01/01/rivers-two-men-arrested-for-duping-canada-based-nigerian-of-n140m/,Rivers: Two men arrested for duping Canada-based Nigerian of N140m,unknown,flood,0.4954455638416716,unknown,llm,2025-01-01,2025-01-01T00:00:00+00:00,,,{},0.0
https://www.eurasiareview.com/01012025-how-questions-of-sovereignty-and-security-are-fueling-instability-in-the-sahel-analysis/,,unknown,country_relations,0.4871608333830569,unknown,llm,2025-01-01,2025-01-01,,,{},0.0
https://latinamericanpost.com/business-and-finance/panamas-canal-navigating-business-and-water-challenges/,Panama’s Canal Navigating Business and Water Challenges,drought,drought,0.5045931577878224,drought,llm,2025-01-01,2025-01-01T16:00:00+00:00,Panama Canal,,"{'rainfall_deviation': 'long dry spells made worse by El Niño', 'water_restrictions': 'limited ship crossings in 2023 and 2024'}",0.9
https://www.rediff.com/news/report/2024-warmest-year-in-india-since-1901-imd/20250101.htm,2024 warmest year in India since 1901: IMD,extreme_heat,extreme_heat,0.5060407927543913,extreme_heat,llm,2024-01-01,2025-01-01T14:15:06+00:00,India,,{'temperature_anomaly': 0.65},0.9
https://pajhwok.com/2025/01/01/south-korea-extends-5m-aid-to-afghanistan/,,unknown,country_relations,0.4865829764394463,unknown,llm,2025-01-01,2025-01-01,,,{},0.0
https://www.thisdaylive.com/index.php/2025/01/01/fallout-of-the-rivers-crisis/,FALLOUT OF THE RIVERS’ CRISIS – THISDAYLIVE,protests,flood,0.4929519515015934,protests,llm,2025-01-01,2025-01-01T00:00:00+00:00,Rivers State,,{},0.9
https://bulawayo24.com/news/national/249515,"Zimbabwean activist arrested, tortured over Mozambique protests",protests,protests,0.5104585001758817,protests,llm,2024-10-09,2025-01-01,Mozambique,,{},0.75
https://www.garoweonline.com/en/world/africa/un-envoy-rules-our-military-solution-in-sudan,UN envoy rules our military solution in Sudan,unknown,country_relations,0.490950299016792,unknown,llm,2024-12-25,2020-06-30T00:00:00+00:00,,,{},0.0
https://www.hindustantimes.com/india-news/cm-biren-singh-hits-back-at-congresss-jairam-ramesh-over-sorry-for-manipur-unrest-targets-former-pms-101735694163527.html,,protests,protests,0.4958693462028022,protests,llm,2023-05-03,2025-01-01T02:16:55+00:00,Manipur,,{'number_of_regions_involved': 2},0.85
https://zeenews.india.com/world/capability-of-ending-putins-aggression-zelenskyy-expresses-confidence-in-new-us-president-2838367.html,,unknown,country_relations,0.4777628737174272,unknown,llm,2025-01-01,2025-01-01,,,{},0.0
https://eturbonews.com/airports-of-thailand-to-host-routes-asia-2020/,,unknown,country_relations,0.4715009797195198,unknown,llm,2025-01-01,2025-01-01,,,{},0.0
https://www.goulburnpost.com.au/story/8857512/taiwan-president-wants-exchanges-with-china/?cs=14264,Taiwan president wants exchanges with China,country_relations,country_relations,0.4942772921322186,country_relations,llm,2025-01-01,2025-01-01T02:15:48+00:00,Taiwan-China (cross-strait),,"{'countries_involved': ['Taiwan', 'China']}",0.75
https://www.dailyrecord.co.uk/news/politics/high-speed-rail-plan-between-34397277,High speed rail plan between Edinburgh and Glasgow was binned by SNP Government,unknown,protests,0.4870558159953469,unknown,llm,2025-01-01,2025-01-01T04:30:00+00:00,,,{},0.0
https://dailytrust.com/afghanistan-un-condemns-taliban-ban-on-women-working-at-ngos/,AFGHANISTAN: UN condemns Taliban ban on women working at NGOs,labour_strike,trade_embargo,0.4807354427763282,labour_strike,llm,2025-01-01,2025-01-01T01:45:16+00:00,Afghanistan,,{},0.7
https://www.yahoo.com/news/kremlin-supporters-tout-trump-takeover-223327321.html,Kremlin supporters tout Trump takeover threats as aiding Putin’s expansionist goals,unknown,country_relations,0.4988601772137822,unknown,llm,2025-01-01,2024-12-31T22:33:27+00:00,,,{},0.0
https://www.globalsecurity.org/security/library/news/2024/12/sec-241231-rferl01.htm,"U.S. Announces Sanctions Against Russian, Iranian Entities Accused Of Election Interference",trade_embargo,country_relations,0.4748771203684201,trade_embargo,llm,2024-12-31,2025-01-01,United States; Iran; Russia,,{},0.9
https://www.guardian-series.co.uk/news/24827157.hourly-london-weather-met-office-issues-yellow-warning-wind/,Hourly London weather as Met Office issues yellow warning for wind,cyclone_hurricane,cyclone_hurricane,0.4861831306148874,cyclone_hurricane,llm,2025-01-01,2025-01-01T10:29:05+00:00,"London, south east England, UK",,{},0.7
https://wtop.com/weather-news/2025/01/whipping-winds-welcome-2025-in-dc-area/,Whipping winds welcome 2025 in DC area,unknown,cyclone_hurricane,0.4717418400454979,unknown,llm,2025-01-01,2025-01-01T19:25:00+00:00,,,{},0.0
https://www.yahoo.com/news/trade-winds-end-weekend-vog-033125708.html,"Trade winds to end by weekend, vog may increase",unknown,cyclone_hurricane,0.4885951144239773,unknown,llm,2025-01-01,2025-01-01T03:31:25+00:00,,,{},0.0
https://www.kiwiblog.co.nz/2025/01/stuff_refusing_to_run_ads_on_the_treaty.html,Stuff refusing to run ads on the Treaty,unknown,country_relations,0.4712584391477168,unknown,llm,2025-01-01,2025-01-01T18:00:00+00:00,,,{},0.0
https://www.firstpost.com/world/nuclear-talks-between-iran-three-european-nations-to-take-place-on-january-13-amid-persisting-tensions-13849156.html,"Nuclear talks between Iran, three European nations to take place on January 13 amid persisting tensions",country_relations,country_relations,0.4880083180927902,country_relations,llm,2025-01-01,2025-01-01T12:49:20+00:00,Iran,,"{'countries_involved': ['Iran', 'United Kingdom', 'France', 'Germany', 'United States']}",0.8
https://www.upi.com/Top_News/World-News/2025/01/01/ukraine-russia-natural-gas-agreement-expires/2151735748565/,,country_relations,trade_embargo,0.4714633931950144,country_relations,llm,2025-01-01,2025-01-01T16:43:12+00:00,Ukraine (Sudzha/eastern border gas transit route),,"{'countries_involved': ['Ukraine', 'Russia', 'European Union']}",0.95
https://eturbonews.com/eu-to-ban-belarusian-airlines-after-belarus-hijacks-ryanair-plane/,,unknown,trade_embargo,0.4638331689566681,unknown,llm,2025-01-01,2025-01-01,,,{},0.0
https://english.mathrubhumi.com/news/india/explainer-about-donald-trump-return-us-president-war-crisis-in-middle-east-west-asia-1.10214309,Explained: How domestic calls for ceasefire and Trump’s return impact the conflicts in West Asia,country_relations,country_relations,0.5043136641632675,country_relations,llm,2025-01-01,2025-01-01T11:02:00+00:00,Red Sea,,"{'countries_involved': ['Yemen', 'Israel', 'Iran']}",0.8
https://www.yahoo.com/news/u-sanctions-russian-iranian-entities-002906040.html,U.S. sanctions Russian and Iranian entities over attempted election interference,trade_embargo,country_relations,0.4985394894673729,trade_embargo,llm,2025-01-01,2025-01-01T00:29:06+00:00,United States; Iran; Russia,,{},0.75
https://www.thecable.ng/on-telecoms-tariffs-let-the-act-decide-in-2025/,"On telecoms tariffs, let the Act decide in 2025",tariffs,tariffs,0.4838992702772475,tariffs,llm,2024-12-29,2025-01-01T05:00:32+00:00,Nigeria,,{'tariff_rate': '10%'},0.85
https://www.taipeitimes.com/News/world/archives/2025/01/02/2003829535,"France, Germany, Poland condemn violence in Georgia",protests,country_relations,0.4714230954112536,protests,llm,2024-12-31,2025-01-01T16:00:00+00:00,"Tbilisi, Georgia",,"{'number_participants': 'thousands', 'duration': 'weeks (nightly)', 'number_arrested_detained': 'hundreds', 'number_injured': 'more than 100'}",0.9
https://thesun.ng/2025-labour-to-engage-fg-for-another-wage-review/,2025: Labour to engage FG for another wage review – The Sun Nigeria,unknown,labour_strike,0.468178860184592,unknown,llm,2025-01-01,2025-01-01T06:34:47+00:00,,,{},0.0
https://thebusinessjournal.com/fresno-employer-pays-160k-to-settle-workplace-allegations/,,unknown,labour_strike,0.4573780019336236,unknown,llm,2025-01-01,2025-01-01,,,{},0.0
https://www.dailyexcelsior.com/katra-returns-to-normalcy-after-weeklong-shutdown-against-ropeway-project/,Katra Returns To Normalcy After Weeklong Shutdown Against Ropeway Project,protests,protests,0.4886050305034907,protests,llm,2025-01-01,2025-01-01T10:14:34+00:00,"Katra, Jammu and Kashmir, India",168.0,"{'duration': 7, 'number_arrested_detained': 18}",0.9
https://www.kurv.com/dance-troupe-criticized/,,unknown,protests,0.4502647255419202,unknown,llm,2025-01-01,2025-01-01,,,{},0.0
https://www.barrons.com/news/11-years-on-syria-protesters-demand-answers-on-abducted-activists-2b36e5db,,unknown,protests,0.4429953681373814,unknown,llm,2025-01-01,2025-01-01,,,{},0.0
https://www.khabaragency.net/news224278.html,US military hits several Houthi sites inside Yemen,country_relations,country_relations,0.6474544356825993,country_relations,expert,2025-01-01,2024-12-31T12:05:55+00:00,Sanaa and Houthi-controlled coastal areas of Yemen (Red Sea/Gulf of Aden),24.0,"{'countries_involved': ['United States', 'Yemen', 'Iran']}",0.8
https://english.news.cn/20250101/3bdbcf3ec83c4e37827624febe982748/c.html,"Thousands rally in Istanbul to denounce Gaza oppression, support Palestinians",protests,protests,0.4799521652812126,protests,llm,2025-01-01,2025-01-01T00:00:00+00:00,"Istanbul, Türkiye",,{'number_participants': 'tens of thousands'},0.8
https://www.thenews.com.pk/print/1267749-mwm-ends-sit-ins-across-karachi-as-19-protesters-sent-to-jail,MWM ends sit-ins across Karachi as 19 protesters sent to jail,protests,protests,0.4726864234082521,protests,llm,2025-01-01,2025-01-01T19:00:00+00:00,"Karachi, Pakistan",,"{'number_participants': 250, 'number_of_regions_involved': 12, 'number_arrested_detained': 19, 'number_injured': 9}",0.85
https://www.yahoo.com/news/several-slo-county-reservoirs-spilled-180000327.html,Several SLO County reservoirs spilled last winter. How full are they now?,drought,flood,0.5173427213306798,drought,llm,2025-01-01,2024-12-31T18:00:00+00:00,"San Luis Obispo County, California",,"{'reservoir_level': {'Santa Margarita Lake (Salinas Dam)': 88.0, 'Lopez Lake (Lopez Dam)': 92.0, 'Whale Rock Reservoir': 53.7, 'Lake Nacimiento': 53.0, 'San Antonio Lake': 70.0}, 'rainfall_deviation': {'Lopez Lake (since July 1) % of average': 26.0, 'Rocky Butte (December) % of usual': 71.0, 'San Luis Obispo Regional Airport (December) % of usual': 51.0, 'Paso Robles Municipal Airport (December) % of usual': 57.0}}",0.8
https://www.thestatesman.com/world/fresh-us-led-airstrikes-target-houthi-military-sites-in-yemens-capital-1503381743.html,,unknown,country_relations,0.4420661655366847,unknown,llm,2025-01-01,2025-01-01,,,{},0.0
https://www.springfieldnewssun.com/nation-world/pakistan-and-india-conduct-annual-exchange-of-lists-of-nuclear-assets-under-bilateral-pact/4DDQW2HCTBAFDOVECKNJQ7QYNA/,GDPR Support,unknown,country_relations,0.4616885471125015,unknown,llm,2025-01-01,2025-01-01,,,{},0.0
https://www.eurasiareview.com/01012025-what-does-the-future-hold-for-pakistan-afghanistan-relations-oped/,,unknown,country_relations,0.4394296160318736,unknown,llm,2025-01-01,2025-01-01,,,{},0.0
https://www.businesspost.ie/news/call-for-manufacturers-to-apply-as-new-round-of-eu-tariff-suspension-scheme-opens/,,unknown,tariffs,0.4426111937133511,unknown,llm,2025-01-01,2025-01-01,,,{},0.0
https://businessmirror.com.ph/2025/01/01/china-raises-salaries-for-government-workers-to-boost-spending/,,unknown,tariffs,0.43745779947891,unknown,llm,2025-01-01,2025-01-01,,,{},0.0
https://theindianawaaz.com/us-led-airstrikes-hit-military-sites-controlled-by-houthi-group-in-yemen/,US-led airstrikes hit military sites controlled by Houthi group in Yemen – The Indian Awaaz,country_relations,country_relations,0.4582711273902998,country_relations,llm,2024-12-31,2025-01-01T15:54:57+00:00,"Sanaa, Yemen",,"{'casualties': 'undisclosed', 'countries_involved': ['United States', 'Yemen', 'Israel']}",0.9
https://www.freepressjournal.in/mumbai/beed-sarpanch-murder-villagers-stage-jal-samadhi-to-demand-arrest-of-accused,Beed Sarpanch Murder: Villagers Stage ‘Jal Samadhi’ To Demand Arrest Of Accused,unknown,protests,0.4475799700896178,unknown,llm,2025-01-01,2025-01-01T20:56:01+00:00,,,{},0.0
https://pajhwok.com/2025/01/01/russia-halts-gas-exports-to-europe-via-ukraine/,Russia halts gas exports to Europe via Ukraine,country_relations,trade_embargo,0.4421912940127786,country_relations,llm,2025-01-01,2025-01-01T00:00:00+00:00,Europe (via Ukraine),,"{'countries_involved': ['Russia', 'Ukraine', 'Europe']}",0.9
https://theindianawaaz.com/2024-was-warmest-year-on-record-in-india-since-1901-imd/,2024 was warmest year on record in India since 1901: IMD – The Indian Awaaz,extreme_heat,extreme_heat,0.4431881014165071,extreme_heat,llm,2024-01-01,2025-01-01T18:33:12+00:00,India,,{},0.8
https://www.thejournal.ie/minimum-wage-rises-by-80-cent-to-e13-50-per-hour-6583606-Jan2025/,Minimum wage rises by 80 cent to €13.50 per hour,unknown,labour_strike,0.4506890946669323,unknown,llm,2025-01-01,2025-01-01T07:30:00+00:00,,,{},0.0
https://eastasiaforum.org/2025/01/01/trump-2-0-will-see-stronger-us-security-ties-with-india/,Trump 2.0 will see stronger US security ties with India,tariffs,country_relations,0.4574345750004058,tariffs,llm,2025-01-01,2024-12-31T23:00:00+00:00,India–United States,,{},0.7
https://www.enviweb.cz/rss/365940,Belgium becomes first EU country to ban sale of disposable vapes,trade_embargo,trade_embargo,0.4621526910604103,trade_embargo,llm,2025-01-01,2025-01-01,Belgium,,{},0.9
https://www.independent.co.uk/news/world/americas/us-politics/kremlin-russia-donald-trump-vladimir-putin-b2672238.html,Kremlin supporters tout Trump takeover threats as aiding Putin’s expansionist goals,unknown,country_relations,0.4491502877530179,unknown,llm,2025-01-01,2024-12-31T22:33:27+00:00,,,{},0.0
https://nypost.com/2024/12/31/media/stacey-abrams-says-trump-re-election-was-not-a-landslide/,Stacey Abrams says Trump re-election was not a ‘seismic shift’ or ‘landslide’ victory,unknown,landslide,0.4427798888348622,unknown,llm,2025-01-01,2025-01-01T01:25:21+00:00,,,{},0.0
https://www.thestar.com.my/opinion/columnists/along-the-watchtower/2025/01/01/daunting-role-in-helming-asean,Daunting role in helming Asean,unknown,country_relations,0.4312765037600659,unknown,llm,2025-01-01,2025-01-01T00:00:00+00:00,,,{},0.0
https://www.9news.com.au/national/wage-theft-bosses-to-face-jail-time-with-wage-theft-now-a-crime/92192aa3-7637-4a46-b4be-40eec3035eac,Bosses to face jail time with wage theft now a crime,labour_strike,labour_strike,0.4576235097208398,labour_strike,llm,2025-01-01,2025-01-01T03:47:23+00:00,Australia,,{},0.7
https://dailytimes.com.pk/1252648/925-terrorists-killed-in-59000-operations-last-year/,,unknown,country_relations,0.4225099249526797,unknown,llm,2025-01-01,2025-01-01,,,{},0.0
https://www.thenews.com.pk/print/1267449-kurram-peace-jirga-postponed-again,Kurram peace jirga postponed again,protests,protests,0.427825297692277,protests,llm,2025-01-01,2024-12-31T19:00:00+00:00,"Kohat-Kurram Road, Kurram tribal district, Pakistan",,{},0.85
https://www.spokesman.com/stories/2025/jan/01/russias-gas-supply-to-europe-halted-after-ukraine-/,,country_relations,trade_embargo,0.4275142398703549,country_relations,llm,2025-01-01,2025-01-01T20:29:36+00:00,Ukraine (gas transit route to Europe),,"{'casualties': 'tens of thousands (Ukrainian soldiers and civilians)', 'countries_involved': ['Russia', 'Ukraine', 'European Union', 'Moldova', 'Slovakia']}",0.9
https://indiapost.com/us-defence-bill-includes-key-measures-to-address-uyghur-repression-in-china/,US Defence Bill includes key measures to address Uyghur repression in China,country_relations,country_relations,0.4280723384258186,country_relations,llm,2024-12-22,2025-01-01T21:42:26+00:00,United States and China,,"{'countries_involved': ['United States', 'China']}",0.9
https://pragativadi.com/us-sanctions-russian-iranian-entities-over-presidential-election-interference/,,trade_embargo,country_relations,0.4246913877408532,trade_embargo,llm,2025-01-01,2025-01-01,United States; Russia; Iran,,{},0.8
https://telecom.economictimes.indiatimes.com/news/devices/us-power-bank-maker-anker-sourcing-lithium-cells-from-india-amidst-us-china-trade-war/116843955,Power bank maker Anker sourcing Lithium cells from India amidst US-China trade war,tariffs,labour_strike,0.4274350304072524,tariffs,llm,2025-01-01,2025-01-01T02:24:55+00:00,United States (tariff on lithium cells imported from China),,{'tariff_rate': 25},0.9
https://www.khmertimeskh.com/501617280/cambodian-diplomat-calls-for-future-china-cambodia-cross-border-e-commerce-cooperation/,,unknown,country_relations,0.4165170741394663,unknown,llm,2025-01-01,2025-01-01,,,{},0.0
https://www.alternet.org/russian-election-interference/,Russian and Iranian entities sanctioned for 2024 election interference attempts,trade_embargo,country_relations,0.4308922514694464,trade_embargo,llm,2024-12-31,2024-12-31T21:50:42+00:00,United States (sanctions on Russian and Iranian entities),,{},0.75
https://www.livemint.com/opinion/russia-vladimir-putin-czar-nicholas-ii-ukraine-war-china-foreign-exchange-reserves-donald-trump-cold-war-11735660131202.html,When Russia fights the wrong enemy,country_relations,country_relations,0.4322096102943753,country_relations,llm,2025-01-01,2025-01-01T00:05:09+00:00,Russia and Ukraine,,"{'casualties': 'more than 700,000', 'countries_involved': ['Russia', 'Ukraine']}",0.9
https://grenadachronicle.com/panama-commemorates-canal-handover-despite-trumps-call-for-us-control/,,unknown,country_relations,0.4092550332002209,unknown,llm,2025-01-01,2025-01-01,,,{},0.0
https://dominicanrepublicpost.com/panama-commemorates-canal-handover-despite-trumps-call-for-us-control/,,unknown,country_relations,0.4092550332002209,unknown,llm,2025-01-01,2025-01-01,,,{},0.0
https://www.peninsuladailynews.com/news/upper-hoh-road-closed-after-river-erodes-pavement/,Upper Hoh Road closed after river erodes pavement,flood,flood,0.4375607834698384,flood,llm,2024-12-20,2025-01-01T09:30:00+00:00,"Upper Hoh Road (mile 9.7), Hoh River, Jefferson County, Washington",,"{'river_discharge': 30000, 'repair_cost_usd': 500000}",0.9
https://www.pakistanabroad.com/2025/01/01/china-launches-first-of-its-kind-amphibious-assault-ship/,China launches first-of-its-kind amphibious assault ship,unknown,country_relations,0.420281773873494,unknown,llm,2025-01-01,2025-01-01T18:57:30+00:00,,,{},0.0
https://blueprint.ng/trade-between-indonesia-nigeria-hits-3-9bn-envoy/,"Trade between Indonesia, Nigeria hits $3.9bn",unknown,country_relations,0.4246094472412973,unknown,llm,2025-01-01,2025-01-01T07:43:07+00:00,,,{},0.0
https://eturbonews.com/russia-grants-its-security-forces-right-to-shoot-down-unsafe-drones/,,unknown,trade_embargo,0.4002564074445457,unknown,llm,2025-01-01,2025-01-01,,,{},0.0
https://english.news.cn/20250101/0592b739d628456e8a9994f0064a6f48/c.html,China sends emergency relief supplies to quake-hit Vanuatu,earthquake,earthquake,0.4688564206628942,earthquake,llm,2024-12-17,2025-01-01T05:00:00+00:00,"Port Vila, Vanuatu",,{'max_magnitude': 7.3},0.9
https://thenewsnigeria.com.ng/2025/01/01/let-them-go/,Let Them Go! -,country_relations,protests,0.4185372637769364,country_relations,llm,2025-01-31,2025-01-01T08:05:44+00:00,ECOWAS (West Africa),,"{'countries_involved': ['Mali', 'Burkina Faso', 'Niger']}",0.9
https://pajhwok.com/2025/01/01/122-journalists-media-workers-killed-in-2024-ifj/,"122 journalists, media workers killed in 2024: IFJ",unknown,protests,0.4034299867647434,unknown,llm,2025-01-01,2025-01-01T00:00:00+00:00,,,{},0.0
https://www.hindustantimes.com/world-news/us-news/us-10-killed-30-injured-after-vehicle-rams-into-crowd-in-new-orleans-on-new-years-day-101735730906043.html,,unknown,flood,0.4176264876978324,unknown,llm,2025-01-01,2025-01-01T11:33:49+00:00,,,{},0.0
https://www.amren.com/news/2024/12/investors-push-h-1b-wage-floor-fix-for-white-collar-outsourcing/,Investors Push H-1B ‘Wage Floor’ Fix for White-Collar Outsourcing,unknown,labour_strike,0.4105879038714312,unknown,llm,2025-01-01,2024-12-31T23:56:40+00:00,,,{},0.0
https://menafn.com/1109046645/US867-Bn-UAE-China-Trade-Gets-Solid-Boost-With-The-2Nd-Middle-East-Made-In-Anji-Furniture-Event-2024,US$86.7 Bn UAE-China Trade Gets Solid Boost With The 2Nd Middle East Made-In-Anji Furniture Event 2024,unknown,country_relations,0.4197277202169227,unknown,llm,2025-01-01,2025-01-01,,,{},0.0
https://tass.com/world/1895629,Houthis-controlled capital of Yemen subjected to airstrikes — TV,country_relations,country_relations,0.4259028303886408,country_relations,llm,2025-01-01,2024-12-31T18:48:26+00:00,"Red Sea and Bab el-Mandeb Strait (off Yemen); Sana'a, Yemen",,"{'countries_involved': ['United States', 'United Kingdom', 'Yemen (Houthis)', 'Israel']}",0.85
https://www.yahoo.com/news/houthis-defiant-us-hits-yemen-190047108.html,Houthis defiant after US hits Yemen targets,country_relations,country_relations,0.4510574154143185,country_relations,llm,2025-01-01,2024-12-31T19:00:47+00:00,Red Sea,,"{'countries_involved': ['United States', 'Yemen', 'Israel', 'Iran']}",0.8
https://www.theweek.in/wire-updates/international/2025/01/01/fgn58-wasia-4thld-wars.html,Israeli strikes kill 12 in Gaza including children as war grinds into new year,country_relations,protests,0.4128482961931951,country_relations,llm,2025-01-01,2025-01-01T18:04:51+00:00,Gaza Strip (Deir al-Balah / Jabaliya / Bureij / Khan Younis),,"{'casualties': 12, 'countries_involved': ['Israel', 'Palestinian territories (Gaza)']}",0.9
https://www.yahoo.com/news/russians-ban-carols-nativity-scenes-173322523.html,"Russians ban carols and nativity scenes in occupied territories, Ukrainian resistance says",country_relations,trade_embargo,0.4253905418591205,country_relations,llm,2025-01-01,2025-01-01T17:33:22+00:00,temporarily occupied territories of Ukraine,,{'countries_involved': 2},0.75
https://www.yahoo.com/news/saudi-arabia-says-executes-6-205516675.html,Saudi Arabia says it executes 6 Iranians for drug smuggling,country_relations,country_relations,0.4027155921670783,country_relations,llm,2025-01-01,2025-01-01T20:55:16+00:00,Saudi Arabia,,"{'casualties': 6, 'countries_involved': ['Saudi Arabia', 'Iran']}",0.85
https://www.thestar.com.my/news/nation/2025/01/01/over-150-illegal-border-crossings-identified-require-attention-says-chief-secretary,"Over 150 illegal border crossings identified, require attention, says Chief Secretary",country_relations,country_relations,0.4075267020420663,country_relations,llm,2025-01-01,2025-01-01T11:41:00+00:00,"Malaysia-Thailand border (Rantau Panjang / Pasir Mas, Kelantan, Malaysia)",,{},0.7
https://www.globalsecurity.org/military/library/news/2024/12/mil-241231-irna10.htm,Iran dismisses baseless allegations about Red Sea interference,country_relations,country_relations,0.4161410228419907,country_relations,llm,2025-01-01,2025-01-01,"Sana'a airport and Hodeidah port, Yemen",,"{'countries_involved': ['Israel', 'Yemen']}",0.7
https://sputnikglobe.com/20250101/russia-halts-gas-flow-through-ukraine-as-deal-expires--gazprom-1121324332.html,,country_relations,trade_embargo,0.4008508849292836,country_relations,llm,2025-01-01,2025-01-01,Ukraine (gas transit),,"{'countries_involved': ['Russia', 'Ukraine']}",0.8
