url_normalized,top_expert,top_expert_p,actiongeo_lat,actiongeo_lon,sqldate,dateadded
http://www.nst.com.my/news/2017/01/205421/sabah-floods-worsen-high-tide-raise-river-levels,flood,0.9915865448110146,1.5324,103.765,20170119,20170119050000
http://www.freepressjournal.in/mumbai/mumbai-congressmen-protesting-against-note-ban-caned/1004874,protests,0.9859434415637188,21.15,79.1,20170119,20170119034500
http://aperture.org/blog/protest-photographs/,protests,0.9841332318245666,40.7092,-74.0114,20170119,20170119203000
http://www.authorityngr.com/2017/01/UAD-s-Untimed-Anger-Doomed-Protests-/,protests,0.9836244175338902,7.621,5.2215,20170119,20170119123000
http://www.ibtimes.co.in/jallikattu-protests-waves-agitation-spread-chennai-bengaluru-via-whatsapp-facebook-712897,protests,0.9801816681625354,12.9833,77.5833,20170119,20170119150000
http://www.ibtimes.co.in/jallikattu-protests-police-keep-tight-vigil-after-more-200-people-arrested-712565,protests,0.9798297221984336,10.0667,78.05,20170119,20170119114500
http://www.islingtongazette.co.uk:80/news/upper_street_flooding_thames_water_reveals_10_victims_still_haven_t_returned_home_1_4854970,flood,0.9747054051404056,51.5,-0.116667,20170119,20170119124500
http://www.teenvogue.com/story/how-the-womens-march-could-have-a-lasting-historical-impact,protests,0.9732765111481456,35.0,105.0,20170119,20170119204500
http://www.cbc.ca/news/canada/toronto/muslim-city-hall-protest-1.3942773,protests,0.967985802315378,43.6667,-79.4167,20170119,20170119171500
http://abc13.com/weather/houston-dries-out-after-floods-cripple-morning-commute/1709198/,flood,0.9675569170978509,31.106,-97.6475,20170119,20170119013000
http://www.mercurynews.com/2017/01/18/rain-pounds-houston-as-flooded-roadways-strand-motorists/,flood,0.9656326861599738,29.4241,-98.4936,20170119,20170119003000
http://www.portlandmercury.com/blogtown/2017/01/19/18807487/live-from-the-downtown-anti-betsy-devos-walkout-protest,protests,0.9643200930147592,,,20170119,20170119234500
http://actmedia.eu/daily/protests-against-the-adoption-of-the-draft-pardon-ordinance/67677,protests,0.9640993402824318,44.4333,26.1,20170119,20170119103000
http://enewspf.com/2017/01/19/verge-trump-era-republicans-push-new-laws-chill-protest-nationwide/,protests,0.9633174981209156,47.5362,-99.793,20170119,20170119181500
http://nation.com.pk/national/19-Jan-2017/gepco-protesters-blast-govt-decision,protests,0.9631215900670516,31.072,73.8905,20170119,20170119060000
http://www.vanguardngr.com/2017/01/uads-untimed-anger-doomed-protests/,protests,0.9628833253513952,6.45306,3.39583,20170119,20170119140000
http://www.mycolumbiabasin.com/2017/01/19/urban-flooding-possible-with-thaw/,flood,0.9608151937051328,45.5701,-117.528,20170119,20170119173000
http://www.newsnow.in/news/sc-keeps-itself-away-from-pro-jallikattu-protests-in-tn,protests,0.9604122407748632,13.0833,80.2833,20170119,20170119113000
https://www.yahoo.com/news/m/a1519e71-46f9-33fb-afbb-2f73636d5d35/ss_jallikattu:-thousands-protest.html,protests,0.960354308582268,13.0833,80.2833,20170119,20170119183000
http://en.qantara.de/content/protests-across-the-muslim-world-the-west-will-have-to-readjust-its-focus,protests,0.959797732623725,41.9,12.4833,20170119,20170119150000
http://www.newsnow.in/news/sc-stays-away-from-pro-jallikattu-protests-in-tn,protests,0.9594116170464672,11.0,78.0,20170119,20170119113000
http://www.oneindia.com/india/tn-jallikattu-protests-continue-on-day-3-2321140.html,protests,0.9591058703494788,13.0514,80.2839,20170119,20170119054500
http://www.themarysue.com/i-wanna-dance-with-somebody/,protests,0.9585928295327204,28.5383,-81.3792,20170119,20170119181500
http://tribwekchron.com/2017/01/thousands-protest-in-mexicali/,protests,0.9584498524407948,16.4167,-93.7833,20170119,20170119190000
http://www.kashmirlife.net/contingent-paid-workers-protest-demand-regularization-130056/,protests,0.9570669854536394,,,20170119,20170119171500
http://www.theborneopost.com/2017/01/20/assistance-to-reach-kota-marudu-flood-victims-soon-max/,flood,0.95486090848019,1.0,114.0,20170119,20170119211500
http://columbiaspectator.com/opinion/2017/01/19/fault-our-protests,protests,0.9521456163043392,38.8951,-77.0364,20170119,20170119120000
http://www.deccanchronicle.com/nation/current-affairs/190117/protests-in-pondicherry-continue.html,protests,0.9506648459565776,13.0833,80.2833,20170119,20170119014500
http://www.the-star.co.ke/news/2017/01/19/uon-medical-students-protest-learning-disruptions-amid-doctors-strike_c1490487,protests,0.9497610337983756,-1.28333,36.7833,20170119,20170119113000
http://www.qaranimo.com/news/2017/01/19/muslims-stage-city-hall-protest-over-closed-scarborough-community-centre/,protests,0.946542890170894,43.6667,-79.4167,20170119,20170119221500
https://www.theguardian.com/environment/2017/jan/19/flood-disasters-more-than-double-across-europe-in-35-years,flood,0.9451383111381048,48.15,11.5833,20170119,20170119083000
http://www.getwestlondon.co.uk/news/west-london-news/nine-black-lives-matter-protesters-12480373,protests,0.94493296599623,51.5167,-0.333333,20170119,20170119200000
http://karnataka.indiaeveryday.in/news-jallikattu-ban-angry-protesters-promise-to-fight-till-the-1163-3127189.htm,protests,0.9432499996858932,12.9833,77.5833,20170119,20170119214500
http://www.newsx.com/national/53117-targeted-by-khadi-management-employees-threaten-all-india-strike,labour_strike,0.9410359327637128,18.975,72.8258,20170119,20170119120000
http://www.scoopnews.in/det.aspx?q=64011+class%3D,protests,0.9410174505735502,28.9842,74.3117,20170119,20170119043000
http://www.malaysiandigest.com/news/653906-flooding-in-kota-marudu-17-villages-hit.html,flood,0.9406759839996848,5.8402,118.118,20170119,20170119060000
https://www.theguardian.com/uk-news/2017/jan/19/nine-black-lives-matter-protesters-guilty-over-heathrow-disruption,protests,0.939699308956792,51.4667,-0.45,20170119,20170119173000
https://www.newsghana.com.gh/water-dam-levels-rise-in-zimbabwe-after-severe-drought/,flood,0.9387102432495944,-17.8178,31.0447,20170119,20170119190000
http://www.newsnow.in/news/jallikattu-protests-sc-refuses-to-intervene-says-let-appropriate-hc-take-notice,protests,0.9353549373445972,10.0667,78.05,20170119,20170119091500
http://www.chroniclelive.co.uk/news/north-east-news/donald-trump-protest-newcastle-friday-12479268,protests,0.931917503124574,55.25,-2.0,20170119,20170119174500
http://www.huffingtonpost.com/duncan-hosie/womens-march-affirms-not-_b_14268526.html,protests,0.9314429758292446,51.5,-0.116667,20170119,20170119234500
http://www.india.com/news/india/jallikattu-protesters-keep-up-pressure-government-mulls-options-1770172/,protests,0.931085076745967,10.8,79.15,20170119,20170119161500
http://pulse.ng/world/ivory-coast-rocked-by-protests-as-deadly-army-mutiny-spreads-id6074723.html,protests,0.92820871866727,5.34111,-4.02806,20170119,20170119070000
http://www.mindanews.com/top-stories/2017/01/floods-displace-8000-in-caraga/,flood,0.9255355161005616,,,20170119,20170119143000
http://www.dnj.com/story/news/2017/01/18/protesters-ask-desjarlais-save-our-healthcare/96724562/,protests,0.9246140221396956,35.8456,-86.3903,20170119,20170119040000
http://news.abs-cbn.com/news/01/19/17/look-flash-flood-hits-2-towns-in-davao-occidental,flood,0.9235852794998848,6.415,125.612,20170119,20170119051500
https://www.thenews.com.pk/print/180137-Power-companies-workers-protest,protests,0.9227126382273716,31.5497,74.3436,20170119,20170119020000
http://www.nuvo.net/indianapolis/why-was-there-a-protest-about-protests-at-the-indiana-statehouse/Content?oid=4522381,protests,0.9218344351941916,40.4864,-86.1336,20170119,20170119144500
http://www.livemint.com/Politics/dDxlv0gtHuHCaAJBmxEtJJ/Jallikattu-protest-spread-beyond-Tamil-Nadu-to-Lanka-UK-and.html,protests,0.919199889598867,-33.8833,151.217,20170119,20170119143000
http://www.tribuneindia.com/news/nation/sc-keeps-itself-away-from-pro-jallikattu-protests-in-tamil-nadu/352514.html,protests,0.9181499740809976,11.0,78.0,20170119,20170119114500
https://ca.news.yahoo.com/noisy-majority-anti-trump-protesters-211217656.html,protests,0.9158582548921096,38.8951,-77.0364,20170119,20170119041500
http://www.indiaeveryday.in/news-waves-of-protest-hit-tamil-nadu-over-jallikattu-ban-cm-to-1001-3122941.htm,protests,0.9107023627417584,11.0,78.0,20170119,20170119000000
http://www.newindianexpress.com/nation/2017/jan/19/mp-protest-at-pm-house-in-support-of-jallikattu-1561353.html,protests,0.9096919824922252,11.0,78.0,20170119,20170119193000
https://in.newshub.org/pro-jallikattu-protests-intensify-tn-after-modi-panneerselvam-meeting-25112846.html,protests,0.9086985086911424,13.0514,80.2839,20170119,20170119093000
http://indiablooms.com/ibns_new/news-details/N/28052/as-jallikattu-protests-continue-tn-cm-seeks-legal-options-to-remove-ban.html,protests,0.9084400569332745,13.0833,80.2833,20170119,20170119194500
http://www.siasat.com/news/jallikattu-ban-sc-refuses-hear-plea-protests-chennai-1113008/,protests,0.9080764159493254,11.0,78.0,20170119,20170119083000
http://in.newshub.org/protesters-bullish-tamil-pride-25108484.html,protests,0.908042606746722,28.6667,77.2167,20170119,20170119021500
http://news.abs-cbn.com/news/01/19/17/floodwaters-rise-anew-in-northeastern-mindanao,flood,0.9078033078597688,10.1806,-68.0039,20170119,20170119193000
http://www.dailypioneer.com/top-stories/sc-keep-itself-away-from-pro-jallikattu-protests-in-tamil-nadu.html,protests,0.9076598340074716,30.0,70.0,20170119,20170119124500
http://www.mirror.co.uk/news/uk-news/womens-march-london-across-uk-9653165,protests,0.906696750106285,54.6667,-6.0,20170119,20170119171500
http://www.financialexpress.com/india-news/five-ways-to-end-jallikattu-protests/514317/,protests,0.9051404955648288,11.0,78.0,20170119,20170119121500
http://www.hackneygazette.co.uk:80/news/stoke_newington_flooding_thames_water_got_risk_assessment_wrong_1_4855076,flood,0.8978072800696444,51.5,-0.116667,20161220,20170119104500
http://www.voanews.com/a/chinese-migrant-workers-protest-unpaid-wages/3682577.html,labour_strike,0.897746862133644,35.405,116.581,20161220,20170119101500
http://www.rgj.com/story/life/2017/01/18/animal-files-flood-brought-out-best-our-community/96732060/,flood,0.8976754940116918,38.4199,-117.122,20170119,20170119033000
http://www.hindustantimes.com/india-news/jallikattu-protesters-not-convinced-after-modi-panneerselvam-meet-wants-ban-lifted/story-LGF5DpZOstZborEE1P4ylN.html,protests,0.8957034166213136,13.0833,80.2833,20170119,20170119133000
http://www.inuth.com/india/politics/cong-stages-rbi-gherao-protest-across-nation-against-note-ban-sushil-kumar-shinde-detained/,protests,0.8932942791659821,23.0333,72.6167,20170119,20170119080000
https://verdict.justia.com/2017/01/19/sunshine-constitution-craves-alec-baldwin-meryl-streep-protesters-boycotters-not-stop-now,protests,0.8910162904020785,42.1497,-74.9384,20170119,20170119104500
http://ekurd.net/protesters-kurdistan-ready-violence-2017-01-19,protests,0.8895675711234816,35.5336,44.8343,20170119,20170119150000
http://www.india.com/news/india/jallikattu-ban-protests-reach-pm-residence-in-delhi-protesting-pmk-mp-anbumani-ramadoss-detained-1769043/,protests,0.8872734770902643,13.0514,80.2839,20170119,20170119104500
http://www.financialexpress.com/india-news/targeted-by-khadi-management-employees-threaten-all-india-strike/513306/,protests,0.8860389170065186,26.1833,71.25,20170119,20170119001500
http://www.mydigitalfc.com/news/jallikattu-ban-tn-youth-refuse-be-tamed-protests-spread-across-state-496,protests,0.8849631823463581,7.0,81.0,20170119,20170119001500
http://www.livemint.com/Politics/s1Owv1vbP9BBjLmd9OwYON/Jallikattu-protests-SC-refuses-to-intervene-says-let-appro.html,protests,0.8843821701455463,13.0833,80.2833,20170119,20170119090000
http://www.arabnews.com/node/1041116/world,protests,0.8838835225112645,38.8893,-77.05,20170119,20170119001500
http://www.hcpress.com/front-page/5000-expected-womens-march-raleigh-march-rally-protest-politics-division.html,protests,0.8836913889272561,35.7721,-78.6386,20170119,20170119163000
http://www.wbrz.com/news/grace-period-for-flood-victim-utility-disconnections-will-soon-end,flood,0.8814494477547653,31.1801,-91.8749,20170119,20170119050000
http://www.haaretz.com/us-news/1.766131,protests,0.8813970461144616,38.8951,-77.0364,20170119,20170119163000
http://www.france24.com/en/20170119-jammeh-ecowas-senegal-nigeria-intervention-kenya-protest-strike-doctors-medical-staff,protests,0.880893454228867,13.4667,-16.5667,20170119,20170119223000
http://www.dnaindia.com/india/live-updates-jallikattu-ban-protests-continue-for-third-day-cm-panneerselvam-to-meet-modi-2293937,protests,0.8779106733965918,11.0,78.0,20170119,20170119030000
https://www.theguardian.com/world/2017/jan/19/womens-march-washington-occupy-protest,protests,0.8769898005011717,38.8951,-77.0364,20170119,20170119194500
http://kashmirreader.com/2017/01/19/militant-killed-amid-protests-hajin/,protests,0.8738499862601572,34.796,72.1502,20170119,20170119081500
http://www.canindia.com/oracles-beijing-staff-protest-layoff/,protests,0.872213814286542,42.1497,-74.9384,20170119,20170119170000
http://www.manchestereveningnews.co.uk/news/greater-manchester-news/furious-protesters-say-decision-close-12475018,protests,0.86935559819815,,,20170119,20170119003000
http://philadelphia.cbslocal.com/2017/01/19/hundreds-of-students-to-march-in-philly-for-womens-rights/,protests,0.8672861749863922,39.9523,-75.1638,20170119,20170119183000
http://freerepublic.com/focus/f-bloggers/3515720/posts,protests,0.8660014000192175,38.9018,-77.0336,20170119,20170119184500
https://www.fastcodesign.com/3067314/how-to-make-the-perfect-protest-sign,protests,0.864970989531028,25.7743,-80.1937,20170119,20170119163000
http://gantdaily.com/2017/01/18/pro-lgbt-rights-protesters-dance-to-mike-pences-home/,protests,0.8646260150776298,39.0724,-76.7902,20170119,20170119071500
http://www.premiumtimesng.com/news/top-news/220936-shiites-protest-across-northern-nigeria-demand-el-zakzakys-release.html,protests,0.8645425832656584,35.75,51.5148,20170119,20170119044500
http://www.mediamaxnetwork.co.ke/people-daily/291619/medical-students-threaten-join-strike/,labour_strike,0.8627080704453352,-1.28333,36.8167,20170119,20170119233000
https://www.yahoo.com/news/hamas-halts-electricity-protests-anger-remains-063505194.html,protests,0.8618492882619554,31.5364,34.4945,20170119,20170119071500
http://www.jpost.com/American-Politics/LGBTQ-activists-stage-dance-protest-outside-Mike-Pences-DC-home-479006,protests,0.8603987273121744,38.8951,-77.0364,20170119,20170119180000
http://www.carlow-nationalist.ie/2017/01/19/bus-eireann-on-brink-of-nationwide-strike-in-pay-cuts-dispute/,protests,0.8584300551252844,,,20170119,20170119083000
http://blog.seattlepi.com/vivianmcpeak/2017/01/18/social-media-blackout-inauguration-protest/,protests,0.857545731734081,38.0,-97.0,20170119,20170119023000
http://www.tribune.net.ph/headlines/sd-cards-drop-protest-if-proved-wrong-leni-lawyer-dares-marcos,protests,0.8554358943685877,16.7687,121.772,20170119,20170119173000
http://www.thisdaylive.com/index.php/2017/01/19/autonomy-nulge-to-embark-on-nationwide-protest-soon/,protests,0.8539874577680007,8.0,10.5,20170118,20170119050000
http://www.wbrz.com/news/plumbing-company-sends-lien-notices-to-flood-victims,flood,0.8526417184929974,31.1801,-91.8749,20170119,20170119003000
http://www.timesheraldonline.com/general-news/20170118/napa-county-declares-state-of-emergency-over-storm-damage,flood,0.8500649808905527,38.4832,-122.334,20170119,20170119040000
http://freerepublic.com/focus/f-news/3515802/posts,labour_strike,0.8488903874508061,38.0,-97.0,20170119,20170119224500
http://www.news18.com/news/india/jallikattu-ban-live-protests-across-tamil-nadu-panneerselvam-to-meet-pm-modi-1337687.html,protests,0.8440654506897204,12.6264,80.1722,20170119,20170119053000
http://tribuneonlineng.com/local-govt-autonomy-nulge-embark-nationwide-protest/,protests,0.8372528046555437,8.0,10.5,20170119,20170119084500
http://www.france24.com/en/20170119-hamas-halts-electricity-protests-but-anger-remains,protests,0.8370315801620578,38.0,-97.0,20170119,20170119073000
https://sputniknews.com/asia/201701191049777876-us-philippines-protest/,protests,0.8358780949145693,16.45,120.55,20170119,20170119154500
http://netindian.in/news/2017/01/19/00040582/protests-continue-tn-over-jallikattu-ban-cm-meets-modi,protests,0.8334473935545088,13.0833,80.2833,20170119,20170119133000
http://www.worldbulletin.net/news/183376/hamas-halts-electricity-protests-but-anger-remains,protests,0.832811514101526,31.5364,34.4945,20170119,20170119083000
http://www.zimeye.net/major-dams-spill-over/,flood,0.8302952885568132,-16.4828,29.8489,20170119,20170119234500
https://thewire.in/101309/jallikattu-protestors-blaming-centre-not-respecting-tamil-nadus-sentiments/,protests,0.8247793254142204,13.5,76.0,20170119,20170119174500
http://www.timeslive.co.za/politics/2017/01/19/Nzimande-calls-on-college-students-to-protest-peacefully,protests,0.8242144607579807,-25.7069,28.2294,20170119,20170119100000
http://www.winnipegsun.com/2017/01/19/manitoba-saskatchewan-fighting-over-flooding,flood,0.8231079772963021,38.0,-97.0,20170119,20170119220000
http://www.washingtontimes.com/news/2017/jan/18/gop-lawmaker-targets-protesters-obstructing-traffi/,protests,0.8176586348170899,39.8647,-86.2604,20170119,20170119001500
http://www.bnamericas.com/en/news/metals/in-brief-chiles-molymet-files-lawsuit-against-union,labour_strike,0.8160691666605124,-30.0,-71.0,20170119,20170119203000
http://www.deccanherald.com/content/592265/jallikattu-protesters-keep-up-pressure.html,protests,0.8103171199579411,14.0167,74.9,20170119,20170119151500
http://www.washingtonblade.com/2017/01/19/23320505/,protests,0.8063142105076466,,,20170119,20170119183000
http://www.guardian-series.co.uk/news/15034765.Students_to_stage_anti_Trump_protest_on_quiet_village_green/,protests,0.8026673681937316,51.5,-0.116667,20170119,20170119143000
http://www.huffingtonpost.com/entry/a-rising-tide-lifts-all-boats_us_588014bee4b0aa1c47ac282d,flood,0.8020249924600362,25.7743,-80.1937,20170119,20170119033000
http://www.india.com/news/india/jallikattu-protests-live-updates-1768155/,protests,0.8011738615501478,11.0,78.0,20170119,20170119074500
http://www.bbc.co.uk/news/uk-england-london-38677126,protests,0.7997635216229471,51.4667,-0.45,20170119,20170119180000
http://www.kvrr.com/2017/01/18/16-protesters-arrested-near-dapl-main-camp-morton-county/,protests,0.7990107329871666,46.8766,-96.8726,20170119,20170119040000
http://www.economist.com/news/middle-east-and-africa/21715023-protesters-are-cowed-repression-carries-bahrain-still-hounding-its,protests,0.7978030201417642,26.1153,50.5069,20161220,20170119190000
http://tamilnadu.indiaeveryday.in/news-jallikattu-protest-live-tamil-nadu-cm-panneerselvam-meet-1128-3123522.htm,protests,0.7977135553292019,11.0,78.0,20170119,20170119063000
http://www.commondreams.org/news/2017/01/19/verge-trump-era-republicans-push-new-laws-chill-protest-nationwide,protests,0.7945728556223688,42.0046,-93.214,20170119,20170119180000
http://yaledailynews.com/blog/2017/01/19/at-last-unions-ratify-contracts-dodge-strike/,labour_strike,0.794123538265383,38.0,-97.0,20170119,20170119101500
http://www.india.com/news/india/what-is-jallikattu-here-is-why-tamilians-are-protesting-against-ban-1768192/,protests,0.793805437814034,11.0,78.0,20170119,20170119053000
http://tamilnadu.indiaeveryday.in/news-pro-jallikattu-protests-cause-traffic-blocks-on-chennai-1135-3124981.htm,protests,0.7932956738222303,13.0833,80.2833,20170119,20170119110000
https://www.bostonglobe.com/metro/regionals/west/2017/01/19/sanctuary-city-controversy-embroils-newton/UHacrOH8F26BfAO2xQvyJJ/story.html,protests,0.7913683498853263,42.3584,-71.0598,20170119,20170119143000
http://theislandnow.com/great_neck-101/temple-sinai-roslyn-protests-letter-pulls-advertising/,protests,0.7909745317746648,23.0,-102.0,20170119,20170119234500
https://www.newsreview.com/sacramento/inaugurate-your-activism/content?oid=23415451,protests,0.7903836810573438,38.5549,-121.727,20170119,20170119090000
http://www.newstatesman.com/politics/staggers/2017/01/workers-rights-after-brexit-its-radio-silence-tories,protests,0.7896382579803384,54.0,-2.0,20170119,20170119011500
http://news.xinhuanet.com/english/2017-01/19/c_135997399.htm,labour_strike,0.7864803745527407,-1.28333,36.8167,20170119,20170119124500
http://www.express.co.uk/news/uk/756347/donald-trump-protest-uk-london-protest-march-inauguration-britain,protests,0.7831034901014726,52.9667,-1.16667,20170119,20170119163000
http://www.express.co.uk/news/uk/756225/SNP-single-market-Brexit-Andre-Walker,protests,0.7825341602432122,54.0,-2.0,20170119,20170119130000
http://www.castanet.net/news/BC/186485/Seal-protest-to-get-bloody,protests,0.7798239746821874,49.25,-123.133,20170119,20170119211500
http://www.castanet.net/edition/news-story-186485-3-.htm,protests,0.7798239746821874,52.0833,-118.567,20170119,20170119213000
http://www.vanguardngr.com/2017/01/groups-hold-one-million-man-support-march-buhari/,protests,0.7797742362077612,25.2522,55.28,20170119,20170119213000
http://www.gulf-times.com/story/528682/Hamas-halts-electricity-protests-but-anger-remains,protests,0.7779181979641446,31.4178,34.3503,20170118,20170119204500
https://thewire.in/101113/bhangar-police-violence-land-acqusition/,protests,0.7769642485852494,17.8333,73.25,20170118,20170119081500
http://louisianarecord.com/stories/511074319-city-of-walker-others-sue-the-state-of-louisiana-over-flooding-destruction,flood,0.7767721589290665,31.1801,-91.8749,20170119,20170119213000
http://www.wmal.com/news/pro-lgbt-rights-protesters-dance-to-mike-pences-home/,protests,0.7731780520422589,38.964,-77.0678,20170119,20170119040000
http://www.997wtn.com/news/pro-lgbt-rights-protesters-dance-to-mike-pences-home/,protests,0.7731780520422589,18.975,72.8258,20170119,20170119044500
http://www.newsradio1029.com/news/pro-lgbt-rights-protesters-dance-to-mike-pences-home/,protests,0.7731780520422589,39.0724,-76.7902,20170119,20170119040000
http://www.1490wosh.com/news/pro-lgbt-rights-protesters-dance-to-mike-pences-home/,protests,0.7731780520422589,38.9712,-77.0764,20170119,20170119044500
http://www.kugn.com/news/pro-lgbt-rights-protesters-dance-to-mike-pences-home/,protests,0.7731780520422589,38.9712,-77.0764,20170119,20170119034500
http://www.newindianexpress.com/states/tamil-nadu/2017/jan/19/jallikattu-cm-panneerselvam-meets-modi-protestors-refuse-to-budge-1561239.html,protests,0.7728521422512988,41.85,-87.6501,20170119,20170119054500
http://tbtpics.tampabay.com/news/tampa-women-prepare-to-protest-trump-presidency-at-womens-march-on/2310170,protests,0.7702567482040953,59.8944,30.2642,20170119,20170119193000
http://laist.com/2017/01/19/womens_march_rights.php,protests,0.7684547990855221,36.17,-119.746,20170119,20170119224500
https://in.news.yahoo.com/r-rahman-fast-support-tamil-nadu-protesters-121604179.html,protests,0.768027330774857,11.0,78.0,20170119,20170119170000
http://www.csmonitor.com/USA/Politics/2017/0119/Who-s-showing-up-to-protest-in-Washington-this-weekend,protests,0.765702988537282,38.8951,-77.0364,20170119,20170119204500
http://dailytrojan.com/2017/01/18/students-protest-trump-inclusion-rally/,protests,0.7655097959195599,38.0,-97.0,20170119,20170119081500
http://www.cjob.com/syn/60/215176/province-to-announce-more-relief-over-rising-hydro-bills,flood,0.7626300604784408,49.8833,-97.1667,20170119,20170119044500
http://www.gopusa.com/in-pointless-mission-anti-trump-protestors-head-to-dc/,protests,0.7618530703458365,32.9866,-83.6487,20170119,20170119220000
http://indiatoday.intoday.in/story/jallikattu-ban-tamil-nadu-rail-roko-agitation-aidmk-admk-narendra-modi/1/861902.html,protests,0.7614756638405012,38.8951,-77.0364,20170119,20170119211500
http://www.beyondchron.org/protesting-trump-matters/,protests,0.7598807107429011,37.7083,-122.28,20170119,20170119123000
http://www.bostonherald.com/news/local_coverage/2017/01/groups_come_together_to_protest_donald_trump_promote_socialism_in_boston,protests,0.7558853039875959,42.3584,-71.0598,20170119,20170119064500
https://www.lifesitenews.com/news/topless-femen-protester-crudely-mocks-trump-at-unveiling-of-wax-figure-in-s,protests,0.7553277298360686,40.4,-3.68333,20170119,20170119194500
http://freerepublic.com/focus/f-bloggers/3515654/posts,protests,0.7545234694741701,36.7477,-119.772,20170119,20170119154500
http://www.bbc.co.uk/news/world-africa-18439872,protests,0.7525969345989972,8.0,1.1667,20170119,20170119004500
http://www.chinadaily.com.cn/china/2017-01/19/content_28003390.htm,labour_strike,0.7485840842283433,22.2,111.117,20170119,20170119153000
http://www.khaosodenglish.com/news/crimecourtscalamity/calamity/2017/01/19/unchecked-development-poor-planning-set-stage-flood-crisis/,flood,0.747094436723598,7.19882,100.595,20170119,20170119113000
http://www.newsandstar.co.uk/news/latest/15million-EU-flood-fund-spent-on-paying-off-Labour-fine-ac66b0d7-5539-4b80-aa4b-b38fdee8f65c-ds,flood,0.7454177332119045,54.5833,-2.83333,20170119,20170119091500
http://www.eveningecho.ie/cork-news/new-flood-defences-will-harm-cork-city/2611489/,flood,0.7378664660340958,,,20170119,20170119124500
http://www.asianage.com/india/all-india/200117/indian-youth-have-resisted-radicalisation-says-pm-modi.html,protests,0.7375244278952581,28.6,77.2,20170119,20170119224500
http://www.alphr.com/business/1005185/it-workers-mostly-dont-like-their-jobs,labour_strike,0.734736140050662,54.0,-2.0,20170119,20170119154500
http://www.nujournal.com/news/local-news/2017/01/19/local-women-march-on-d-c/,protests,0.7346863802969902,38.889,-77.0003,20170119,20170119193000
http://rinf.com/alt-news/newswire/anti-trump-protesters-march-in-dc-vow-to-disrupt-inauguration/,protests,0.7323382207400072,38.8951,-77.0364,20170119,20170119054500
https://www.buzzfeed.com/zoetillman/lawyers-descend-on-washington-to-aid-trump-protesters,protests,0.7277044124978717,38.8951,-77.0364,20170119,20170119214500
http://www.thedailysheeple.com/a-sea-of-pussyhats-expected-to-flood-dc-this-weekend-yes-you-read-that-right_012017,flood,0.7263984015712538,,,20170119,20170119001500
http://www.hindustantimes.com/india-news/jallikattu-protests-continue-to-rock-tamil-nadu-ar-rahman-rajinikanth-express-support/story-BRRD9ks77RskIjgnrYDgsM.html,protests,0.7235706544091942,11.0,78.0,20170112,20170119190000
http://www.sunderlandecho.com/news/offbeat/women-s-march-uk-what-it-s-all-about-1-8342134,protests,0.7225765798038583,51.5,-0.116667,20170119,20170119113000
http://www.9news.com.au/national/2017/01/20/03/33/timber-workers-contemplate-unemployment,labour_strike,0.7218802625856083,-37.978,146.786,20170119,20170119174500
http://victorygirlsblog.com/inauguration-day-protests-tantrums/,protests,0.7212555025030932,,,20170119,20170119180000
http://www.clickondetroit.com/news/community-rallies-in-attempt-to-save-pontiac-high-school-from-closing,protests,0.7208705050194375,,,20170119,20170119040000
http://abc13.com/news/houstons-military-trucks-could-save-your-life-during-a-flood/1709044/,flood,0.7195907364749388,29.7633,-95.3633,20170119,20170119004500
http://www.fox8live.com/story/34294086/public-service-commission-decision-affects-flood-victims,flood,0.7176448322231064,30.4507,-91.1545,20170119,20170119053000
http://www.hindustantimes.com/india-news/proud-that-indian-youth-has-resisted-radicalisation-modi/story-zC3eaXdf23tBG3BoyOaEKJ.html,protests,0.7169417077682054,24.0,92.0,20170119,20170119190000
http://citizen.co.za/news/news-national/1401265/tshwane-officials-held-hostage-by-striking-municipal-workers/,protests,0.7154573845351179,,,20170119,20170119050000
http://www.eveningtimes.co.uk/news/15035700.ICT_strike_ends_after_deal_struck_with_union/,labour_strike,0.7144988593671708,60.0,-95.0,20170119,20170119201500
http://globalnews.ca/news/3192509/protest-fight-in-turkish-parliament-sends-2-female-legislators-to-hospital/,protests,0.7141331750186809,39.9272,32.8644,20170119,20170119213000
http://www.standard.co.uk/news/london/campaigners-plan-antidonald-trump-protest-outside-us-embassy-in-london-a3444781.html,protests,0.7128867507711999,51.5,-0.116667,20170119,20170119163000
http://www.cbc.ca/news/canada/manitoba/saskatchewan-manitoba-flooding-1.3942970,flood,0.7105731405597263,38.0,-97.0,20170119,20170119201500
http://www.npr.org/2017/01/19/510533928/were-not-going-to-be-silent-protesters-prep-for-womens-march-on-washington,protests,0.7084558825330777,,,20170119,20170119121500
http://www.deccanchronicle.com/nation/current-affairs/190117/let-madras-hc-deal-with-it-sc-keeps-itself-away-from-jallikattu-protests-in-tn.html,protests,0.7084420912339447,13.0833,80.2833,20170119,20170119113000
http://www.dnd.com.pk/bilawal-leads-ppps-public-rally-says-wont-not-back-down-from-demands/122666,protests,0.7018252814341566,31.4475,73.6972,20170119,20170119090000
http://www.businessinsider.com/veterans-protest-precedent-gi-bill-2017-1,protests,0.7010466055984885,38.8537,-77.0203,20170119,20170119213000
http://www.hindustantimes.com/world-news/anti-china-protests-in-sindh-to-oppose-economic-corridor/story-my9Qv2bO91YmJ8VZxCTSAO.html,protests,0.7007137350264536,39.9289,116.388,20170119,20170119150000
http://www.india.com/news/india/jallikattu-protests-how-international-media-covered-tamil-uprising-against-new-delhi-1770304/,protests,0.7002322067020712,13.0833,80.2833,20170119,20170119204500
http://nmills.bangordailynews.com/2017/01/18/home/a-new-dam-day-dawns-at-upper-dam-2/,flood,0.7001358642413171,44.7801,-70.9223,20170119,20170119020000
https://ghettoradio.co.ke/uon-students-arrested-following-following-violent-protests/,protests,0.6995677926844126,-1.28333,36.8167,20170119,20170119164500
http://clermontsun.com/2017/01/19/library-features-new-flood-exhibit-3/,flood,0.6990656078149834,38.9487,-84.2799,20170119,20170119184500
http://www.paloaltoonline.com/news/2017/01/18/tech-workers-picket-palantir-amid-muslim-registry-fears,protests,0.6988269100392202,42.1497,-74.9384,20170119,20170119031500
http://www.livemint.com/Politics/8tOK46QwQBLmMkT66QihSI/Tamil-Nadu-on-edge-as-Jallikattu-protests-enter-fourth-day.html,protests,0.6987791089915059,11.0,78.0,20170119,20170119171500
http://www.cbc.ca/news/world/jallikattu-bull-taming-india-protests-1.3941716,protests,0.6963466105509546,11.0,78.0,20170119,20170119010000
http://www.kunc.org/post/were-not-going-be-silent-protesters-prep-womens-march-washington,protests,0.6956627308277047,42.1497,-74.9384,20170119,20170119210000
http://www.gladstoneobserver.com.au/news/15-jobs-up-for-grabs-for-tradies-and-labourers/3133732/,labour_strike,0.6943071554847385,,,20170119,20170119201500
http://www.whitsundaytimes.com.au/news/15-jobs-up-for-grabs-for-tradies-and-labourers/3133732/,labour_strike,0.6943071554847385,-23.85,151.117,20160120,20170119220000
http://www.cqnews.com.au/news/15-jobs-up-for-grabs-for-tradies-and-labourers/3133732/,labour_strike,0.6943071554847385,-23.9333,151.35,20170119,20170119211500
http://www.dawn.com/news/1309434/clashes-as-protesters-demand-missing-activists-face-blasphemy-charge,protests,0.6941058604213465,24.8667,67.05,20170119,20170119191500
http://www.govtech.com/em/disaster/Looking-for-alternative-to-National-Flood-Insurance-Program-Heres-a-new-trend.html,flood,0.6925973907733302,30.4507,-91.1545,20170119,20170119180000
http://www.india.com/news/india/indian-youth-has-successfully-resisted-radicalization-pm-modi-to-muslim-leaders-1769973/,protests,0.6900390691619018,28.6,77.2,20170119,20170119151500
https://www.theguardian.com/world/2017/jan/19/womens-marches-across-the-uk-what-you-need-to-know,protests,0.6897260659553157,53.5,-2.21667,20170119,20170119113000
http://wrp.org.uk/news/12890,protests,0.6886884395237968,51.5,-1.25,20170119,20170119044500
http://www.washingtonblade.com/2017/01/16/womens-march-include-lgbt-presence/,protests,0.6830570199759534,38.8951,-77.0364,20170119,20170119183000
http://usuncut.com/news/republicans-kill-protesters/,protests,0.6827000345102896,47.5362,-99.793,20170119,20170119181500
http://calgaryherald.com/news/local-news/calgarians-to-walk-in-solidarity-with-the-womens-march-on-washington,protests,0.68114398522284,51.0833,-114.083,20170119,20170119031500
http://www.thenational.scot/news/15032263.BBC_fails_to_moderate_racist_and_homophobic_comments_on_website/,protests,0.6803156230512031,54.0,-2.0,20170119,20170119113000
http://www.dnaindia.com/india/report-jallikattu-protestors-keep-up-pressure-for-more-than-48-hours-tamil-nadu-braces-for-shutdown-on-friday-2294205,protests,0.67714336285645,10.8,79.15,20170119,20170119191500
http://nymag.com/daily/intelligencer/2017/01/dissent-and-the-city-new-yorks-geography-of-protest.html,protests,0.6746801651676668,41.9,12.4833,20170119,20170119133000
http://www.oyetimes.com/news/england/153264-bus-accident-saudi-arabia-kills-six-british-pilgrims-medina,protests,0.6708941068792342,53.5,-2.21667,20170119,20170119183000
http://www.fitsnews.com/2017/01/19/sc-senate-president-wants-to-regulate-political-speech/,protests,0.6707204887191246,33.8191,-80.9066,20170119,20170119201500
http://www.hindustantimes.com/india-news/lashkar-militant-killed-in-encounter-cop-injured-in-j-k-s-bandipora/story-7MOerCFGJ3QIrpWeEKnsVJ.html,protests,0.6703714763445708,21.5,81.75,20170119,20170119061500
http://www.voanews.com/a/albania-opposition-protest/3093922.html,protests,0.6668361176272636,41.3275,19.8189,20170119,20170119140000
http://tippfm.com/news/news_detail/unrest_continues_in_the_gambia,protests,0.6638870117913297,53.0,-8.0,20170119,20170119104500
http://www.wnd.com/2017/01/protesters-to-go-hard-during-trump-inaugural/,protests,0.6622638624957139,38.0,-97.0,20170119,20170119023000
http://www.india.com/news/india/exclusive-jallikattu-protest-leader-balakumar-somu-calls-ban-an-insult-to-tamil-sentiments-1768847/,protests,0.659533559104083,13.5,76.0,20170119,20170119121500
http://www.csmonitor.com/USA/2017/0119/What-do-inauguration-protesters-hope-to-accomplish,protests,0.6572137287163777,33.6695,-117.823,20170119,20170119230000
http://www.towleroad.com/2017/01/peru-lgbt/,protests,0.6559259653789943,-12.05,-77.05,20160120,20170119210000
http://nation.com.pk/national/19-Jan-2017/ppp-kicks-off-anti-government-rally-from-lahore-to-faisalabad,protests,0.6542623459465221,32.7756,71.9522,20170119,20170119144500
http://viveremilano.biz/2017/01/19/no-real-opposition-from-labour-to-mays-brexit-speech/,protests,0.6530186167022374,38.8951,-77.0364,20170119,20170119034500
http://mytoba.ca/news/winnipeg-womens-march-defends-human-rights/,protests,0.6528823939042525,49.8833,-97.1667,20170119,20170119181500
http://theeagleonline.com.ng/senators-protest-deployment-of-troops-to-gambia-without-approval/,protests,0.6508089467659615,10.0,8.0,20170119,20170119161500
"http://www.berkshireeagle.com/stories/generations-of-activism-ahead-of-womens-march-those-who-marched-for-change-before-reflect,495537",protests,0.6506723361080593,38.8951,-77.0364,20170119,20170119043000
http://www.dailynews.com/general-news/20170118/from-santa-clarita-to-la-river-valley-areas-getting-ready-for-rainiest-week-weve-had,flood,0.6487023331302268,34.0522,-118.244,20170119,20170119051500
http://www.tbo.com/news/tampa-women-prepare-to-protest-trump-presidency-at-womens-march-on-washington-20170119/,protests,0.6486600262672714,59.8944,30.2642,20170119,20170119191500
http://www.daijiworld.com/news/newsDisplay.aspx?newsID=433274,protests,0.6468433192418173,,,20170119,20170119103000
http://wamu.org/story/17/01/18/inauguration-protest-every-agenda/,protests,0.6449254097963717,38.9018,-77.0336,20170119,20170119070000
http://www.theweek.in/news/india/jallikattu-protests-continue-in-tamil-nadu.html,protests,0.6439469147156421,13.0833,80.2833,20170119,20170119061500
http://kathmandupost.ekantipur.com/news/2017-01-19/kalaiya-on-protest-to-press-for-sub-metropolis-status.html,protests,0.642813117993554,,,20170119,20170119034500
http://amediaagency.com/icrc-strike-on-nigeria-refugee-camp-killed-at-least-76/,protests,0.6425744614380221,9.08333,7.53333,20170119,20170119000000
http://www.dailykos.com/stories/2017/1/19/1622182/-Midday-open-thread-Springsteen-protests-and-more,protests,0.6418898858525287,21.1098,-157.531,20170119,20170119210000
http://dev.thedailystar.net/opinion/between-the-lines/ridiculing-the-mahatma-1347844,protests,0.6410525955307893,22.5697,88.3697,20170119,20170119191500
http://www.financialexpress.com/india-news/jallikattu-protests-pm-narendra-modi-meets-o-panneerselvam-says-centre-would-be-supportive/513643/,protests,0.6408407727060921,28.6,77.2,20170119,20170119071500
http://www.nextgov.com/cio-briefing/2017/01/why-gaos-bid-protest-dismissals-alliant-2-are-big-deal/134683/,protests,0.6393188331627434,,,20170119,20170119000000
http://wwd.com/business-news/media/womens-march-trump-protest-inauguration-10755676/,protests,0.6391846232064828,38.8951,-77.0364,20170119,20170119173000
http://www.thelocal.se/20170119/why-stockholmers-will-join-over-a-million-in-the-womens-march,protests,0.6378537879666117,38.0,-97.0,20170119,20170119154500
http://www.manilatimes.net/key-rebel-group-skip-syria-peace-talks/307734/,protests,0.6361488205112164,60.0,100.0,20170112,20170119054500
http://www.voanews.com/a/us-bombers-target-libyan-is-training-camps/3682743.html,protests,0.6356907645750833,38.0,-97.0,20170119,20170119143000
http://www.nottinghampost.com/volunteers-stuck-in-gambia-after-political-unrest-in-west-african-country/story-30070687-detail/story.html,protests,0.634190393104218,13.4531,-16.5775,20170119,20170119133000
http://www.laosnews.net/news/251048179/vietnam-police-halt-anti-china-protest-over-islands,protests,0.6341869378557223,16.0,106.0,20170112,20170119140000
http://www.cnn.com/2017/01/19/politics/trump-inauguration-protests-womens-march/,protests,0.6323554396916781,46.7762,-123.51,20170112,20170119213000
http://www.hindustantimes.com/authors/the-repeated-neglect-of-tamil-identity-is-the-rallying-point-for-jallikattu-protests/story-0RHvlvHRmzVj6B2Ah8u2JJ.html,protests,0.6278451548591788,28.6667,77.2167,20170119,20170119074500
https://www.theguardian.com/environment/2017/jan/19/alexandria-egypt-locals-adapt-storms-floods-coastal-waters-rise,flood,0.6262942825540556,31.1981,29.9192,20160120,20170119083000
http://www.rferl.org/a/uzbekistan-pensioners-rare-public-protest-cash-not-plastic/28244195.html,protests,0.6238018430530655,38.2667,67.9,20170119,20170119211500
http://www.clickittefaq.com/pm-calls-for-greater-transboundary-freshwater-collaboration/,flood,0.621765467846964,24.0,90.0,20170119,20170119054500
http://heatst.com/politics/womens-march-attendees-angry-after-hillary-clinton-left-off-list-of-honorees/,protests,0.6217384054370912,,,20170119,20170119213000
http://billmoyers.com/story/progressives-new-silent-majority/,protests,0.6201351627020639,41.9,-87.6306,20170119,20170119184500
http://commondreams.org/news/2017/01/19/womens-march-against-trump-turns-global-day-action,protests,0.6188742168298873,-33.8833,151.217,20170119,20170119203000
http://www.gazettenet.com/Northampton-community-prepares-for-Women-s-March-on-Washington-7559857,protests,0.6179414598325563,16.0,106.0,20170119,20170119063000
http://www.taipeitimes.com/News/taiwan/archives/2017/01/20/2003663454,labour_strike,0.6163137943575384,25.0478,121.532,20170112,20170119173000
http://westsidetoday.com/2017/01/19/123813/,flood,0.6143424156405872,,,20170119,20170119204500
http://www.hindustantimes.com/india-news/jallikattu-row-cm-panneerselvam-meets-pm-modi-as-protests-rock-tamil-nadu/story-Fh8nu6PmLf8lNQGnGCzT0O.html,protests,0.6138374122229573,18.5333,73.8667,20170119,20170119084500
http://columbiaspectator.com/news/2017/01/19/students-march-historic-inauguration-protest-against-trump,protests,0.6137228729244943,42.1497,-74.9384,20170119,20170119120000
http://www.wuft.org/news/2017/01/19/local-protesters-to-bus-to-d-c-womens-march/,protests,0.6117705343452918,29.6516,-82.3248,20170119,20170119220000
http://wildsingaporenews.blogspot.com/2017/01/malaysia-third-wave-terengganu-on.html,flood,0.6104216183061061,5.3302,103.141,20170119,20170119044500
http://punchng.com/trigger-happy-cop-arrested-killing-trader/,protests,0.6068414920533931,9.5,2.25,20170119,20170119001500
http://kashmirwatch.com/rss-agenda-india-threatens-surgical-strikes/,protests,0.6064418173940028,33.9472,73.9104,20170119,20170119200000
https://pittsburgh.cbslocal.com/2017/01/19/protestors-voice-anger-over-d-a-s-decision-in-woodland-hills-wiretap-case/,protests,0.6056280287039564,,,20170119,20170119053000
http://www.islamicinvitationturkey.com/2017/01/19/anti-trump-protesters-march-in-dc-vow-to-disrupt-inauguration/,protests,0.6009700001715592,38.8951,-77.0364,20170119,20170119090000
http://www.nation.co.ke/news/Medical-students-urge-govt-to-meet-demands-of-striking-doctors/1056-3591974-sgq107/,protests,0.5977207598850385,-1.28333,36.8167,20170119,20170119121500
http://www.thehansindia.com/posts/index/National/2017-01-19/Jallikattu-protests-continue-to-gain-strength-in-Tamil-Nadu/274425,protests,0.5968368512934291,10.0667,78.05,20170119,20170119051500
http://www.dnaindia.com/india/report-bhangar-limping-back-to-normacly-after-two-protestors-die-in-clashes-2293896,protests,0.5967992784503781,22.5697,88.3697,20170119,20170119013000
http://www.voanews.com/a/vietnam-police-anti-china-protest/3682628.html,protests,0.5967412931960879,15.0,115.0,20170112,20170119123000
https://atlantadailyworld.com/2017/01/18/interfaith-clergy-hold-moral-march-opposing-sessions/,protests,0.5963043085850739,38.889,-77.0003,20170119,20170119011500
http://www.clarionledger.com/story/weather/2017/01/19/live-mississippi-weather-coverage/96766978/,flood,0.5960081672348175,32.799,-86.8073,20170119,20170119233000
http://idrw.org/let-militant-killed-in-bandipora-may-be-related-to-lakhvi/,protests,0.5939570793561785,30.0,70.0,20170119,20170119113000
http://www.vanguardngr.com/2017/01/non-academic-staff-unions-universities-suspend-warning-strike/,labour_strike,0.5919480552304576,9.08333,7.53333,20170119,20170119214500
http://ideastations.org/radio/all-things-considered/npr-510461862-glitter-free-joints-trump-protesters-plan-get-their,protests,0.5899014099853759,38.8951,-77.0364,20170119,20170119014500
https://www.yahoo.com/news/showing-protest-washington-weekend-200646283.html,protests,0.5885908868384369,38.8951,-77.0364,20170119,20170119203000
http://tamilnadu.indiaeveryday.in/news-jallikattu-protests-are-really-about-tamil-masculinity-1128-3125616.htm,protests,0.5880849812725116,,,20170119,20170119153000
http://mynorthwest.com/515559/up-to-75000-expected-to-attend-the-silent-womxns-march-seattle-on-saturday/,protests,0.5827952603689217,47.6062,-122.332,20170119,20170119001500
http://www.houstonpress.com/news/for-the-last-time-a-meyerland-homeowner-watches-the-water-creep-inside-9121051,flood,0.5791015968458202,29.685,-95.4674,20170119,20170119140000
http://www.pbs.org/newshour/updates/womens-march-wants/,protests,0.5782773550299438,35.5376,-96.9247,20170119,20170119110000
http://www.vanguardngr.com/2017/01/lull-port-activities-union-laments-low-wages/,labour_strike,0.5778119029513119,6.45306,3.39583,20170119,20170119221500
http://www.business2community.com/us-news/renamemillionwomenmarch-trends-social-media-mocks-protest-ahead-donald-trump-inauguration-01760124,protests,0.5772748437527703,38.8951,-77.0364,20170119,20170119221500
http://www.aljazeera.com/news/2017/01/protests-flare-southern-india-jallikattu-ban-170119111658879.html,protests,0.5733982509385822,13.0833,80.2833,20170119,20170119150000
http://www.philly.com/philly/news/20170119_200_turn_out_for_National_Constitution_Center_forum_to_learn_how_to_respond_to_hate_crimes.html,protests,0.5718901007348042,40.2784,-76.3163,20170119,20170119033000
https://qz.com/889128/jallikattu-ban-protest-whats-so-macho-and-brave-about-harassing-and-torturing-a-drunken-bull-asks-a-tamilian/,protests,0.570950087842996,,,20170119,20170119103000
http://kathmandupost.ekantipur.com/news/2017-01-19/hetauda-bazaar-reopens-after-two-day-strike.html,protests,0.5706767853611276,,,20170119,20170119063000
http://www.africareview.com/news/East-African-cities-struggle-to-provide-water-to-residents/979180-3591962-vd8gqoz/,flood,0.569410322202232,-1.0,33.0,20170119,20170119123000
http://www.standard.co.uk/news/crime/black-lives-matter-protesters-convicted-over-heathrow-protest-that-caused-chaos-a3445016.html,protests,0.5691598157493996,51.5167,-0.333333,20170119,20170119180000
http://www.couriermail.com.au/news/breaking-news/washington-girds-for-antitrump-protests/news-story/e8e83e6bd834492a6b299c328d412c96?nk=45e6e303e536dacb5d599dec9162074c-1484826509,protests,0.5683828152868542,32.799,-86.8073,20170119,20170119120000
http://www.nigerianeye.com/2017/01/groups-hold-one-million-man-support.html,protests,0.5681217675159163,9.08333,7.53333,20170119,20170119234500
http://thebangladeshtoday.com/2017/01/pm-greater-transboundary-water-collaboration/,flood,0.5665091211954222,24.0,90.0,20170119,20170119030000
http://www.afternoonvoice.com/vikhe-seeks-action-police-officials-nagpur-lathicharge.html,protests,0.5656057576024306,21.15,79.1,20170119,20170119174500
http://www.bostonglobe.com/business/2017/01/19/who-will-women-march-boston-everyone-seems/KykPQeQLgatGV2mHI8hTpK/story.html,protests,0.5640128239002011,42.3548,-71.0753,20170119,20170119221500
http://www.thejournal.ie/trump-protests-ireland-3194178-Jan2017/,protests,0.5634134188483706,53.3331,-6.24889,20170119,20170119144500
http://collapse.news/2017-01-18-michael-moore-continues-liberal-cries-calls-on-americans-to-protest-and-stage-100-days-of-resistance.html,protests,0.5624802637440331,33.0,44.0,20170119,20170119004500
http://www.laobserved.com/archive/2017/01/la_times_staff_warned_not.php,protests,0.5597818550806387,34.0522,-118.244,20170119,20170119221500
https://www.theguardian.com/us-news/2017/jan/19/anti-trump-activists-protest-grassroots-leaders,protests,0.5592060331447203,38.8951,-77.0364,20170119,20170119174500
http://6abc.com/weather/houston-flooding-good-samaritan-rescues-bus-driver-passengers/1708777/,flood,0.5585626475398351,29.7633,-95.3633,20170119,20170119013000
https://www.getreligion.org/getreligion/2017/1/18/no-pro-lifers-womens-march-on-washington-doesnt-want-them,protests,0.5547340160475694,36.17,-119.746,20170119,20170119011500
http://www.benarnews.org/english/news/indonesian/speech-complaints-01192017165624.html,protests,0.5522578288550101,-6.17444,106.829,20170119,20170119223000
http://www.newsnow.in/news/sc-refuses-plea-to-revoke-ban-on-jallikattu,protests,0.5517041785280525,13.0514,80.2839,20170119,20170119093000
http://www.ann7.com/mbuso-mandela-case-postponed-to-february/,protests,0.5494469637377207,-26.2,28.0833,20170112,20170119114500
http://www.nbcnews.com/news/us-news/d-c-braced-900-000-protesters-during-trump-s-inauguration-n707226?cid=public-rss_20170119,protests,0.5474046316700931,38.8951,-77.0364,20170119,20170119013000
http://www.herald.co.zw/rbz-civil-servants-strike-salary-deal/,labour_strike,0.544920180826048,-20.0,30.0,20161220,20170119201500
http://www.businessinsider.com.au/why-the-battle-over-hiring-rival-employees-could-be-the-next-big-challenge-for-australian-workplaces-2017-1,labour_strike,0.5442283574456532,-27.0,133.0,20170119,20170119074500
http://news.xinhuanet.com/english/2017-01/19/c_135997346.htm,flood,0.5437123302488127,-17.8178,31.0447,20170119,20170119120000
http://www.villagevoice.com/news/as-trump-is-sworn-in-women-across-america-will-go-on-strike-9586012,labour_strike,0.5427824098690056,42.3442,-75.1704,20170119,20170119210000
http://english.ryukyushimpo.jp/2017/01/19/26333/,protests,0.5419314377867913,26.3358,127.801,20170119,20170119044500
http://www.news24.com.ng/National/News/doctors-begin-nationwide-strike-20170119,protests,0.5416010313047653,9.08333,7.53333,20170119,20170119131500
https://www.thenews.com.pk/print/180298-Families-of-missing-men-reject-blasphemy-allegation,protests,0.5415269674256882,24.8667,67.05,20170119,20170119033000
https://www.theguardian.com/commentisfree/2017/jan/19/britain-apologise-rendition-mi6-abdel-hakim-belhaj-gaddafi,protests,0.5409014165890438,54.0,-2.0,20170119,20170119111500
http://www.express.co.uk/news/politics/756465/snp-mp-joanna-cherry-theresa-may-government-risk-indyref2-scottish-referendum,protests,0.5405267000987846,55.95,-3.2,20170119,20170119210000
http://www.thejournal.ie/bus-eireann-strike-10-3193604-Jan2017/,labour_strike,0.5373355281051507,,,20170119,20170119010000
http://www.thestar.com.my/tech/tech-news/2017/01/19/six-coolpad-workers-detained-in-patent-dispute-with-former-employer-huawei/,labour_strike,0.5366907092390274,22.2,111.117,20170119,20170119120000
http://www.self.com/story/your-right-to-protest-and-how-to-do-it-safely,protests,0.5352594695521186,38.8951,-77.0364,20170119,20170119234500
http://amsterdamnews.com/news/2017/jan/19/we-shall-not-be-movedmarchers-remember-legacy-dr-k/,protests,0.534131705570784,38.8896,-77.0353,20170119,20170119091500
http://grist.org/briefly/heading-to-d-c-this-week-theres-a-climate-themed-protest-for-you/,protests,0.5340074276536964,28.1333,-109.217,20170119,20170119003000
http://q985online.com/rockfords-womens-march-is-happening-this-saturday/,protests,0.5310222224752904,,,20170119,20170119210000
http://www.china.org.cn/world/Off_the_Wire/2017-01/19/content_40139304.htm,flood,0.5306539903932939,-20.0,30.0,20170119,20170119110000
https://www.naij.com/1083470-ivory-coast-soldiers-engage-protest.html,protests,0.530405467294065,6.87736,-6.45022,20170119,20170119113000
http://www.ibtimes.co.uk/britain-urged-act-two-face-execution-bahrain-1601799,protests,0.5288908991504624,26.2361,50.5831,20160120,20170119111500
http://wisconsingazette.com/2017/01/19/many-motivations-drive-women-to-dc-for-inauguration-protest/,protests,0.528814532541257,36.17,-119.746,20170119,20170119150000
http://www.northdevonjournal.co.uk/protesters-to-drop-huge-banner-from-barnstaple-bridge-tomorrow/story-30072070-detail/story.html,protests,0.5279612082586169,51.0833,-4.05,20170119,20170119193000
http://www.bbc.co.uk/news/uk-scotland-38677589,protests,0.5256419235452064,55.9667,-4.05,20170119,20170119144500
http://www.pressreleasepoint.com/caves-central-china-show-history-natural-flood-patterns,flood,0.5236455441125316,40.8516,122.748,20170119,20170119071500
http://www.townandcountrymag.com/society/politics/news/a9286/bobby-kennedy-trump-protest-boston-womens-march/,protests,0.5208773050266473,42.3584,-71.0598,20170119,20170119200000
http://www.boston.com/news/national-news/2017/01/19/here-are-some-of-the-protests-planned-for-trumps-inauguration,protests,0.5197190850382203,42.1497,-74.9384,20170119,20170119103000
http://punchng.com/rivers-communities-protest-alleged-military-land-grabbing/,protests,0.5186518986895315,,,20170119,20170119011500
http://www.stabroeknews.com/2017/opinion/letters/01/19/sad-glad-night/,protests,0.5141662203419761,5.0,-59.0,20170119,20170119063000
http://www.vox.com/policy-and-politics/2017/1/19/14312234/inauguration-protests,protests,0.5133415490810257,38.8951,-77.0364,20170119,20170119194500
http://www.hindustantimes.com/opinion/students-unrest-today-reverberates-with-memories-of-presidency-during-the-90s/story-z6OlZC7Rqs7I06QVf25kfP.html,protests,0.5132515185423081,22.4833,88.3833,20170119,20170119061500
http://www.phnompenhpost.com/national/stung-treng-teen-siblings-drown-nearby-pond,flood,0.5127717908965225,13.55,105.95,20170118,20170119021500
http://boisestatepublicradio.org/post/new-floodplain-map-could-affect-treasure-valley-insurance-rates,flood,0.5100743783798823,43.8752,-116.959,20170119,20170119213000
http://mashable.com/2017/01/19/oracle-discimination-suit/,labour_strike,0.5072153471302959,36.17,-119.746,20170112,20170119104500
http://www.thehansindia.com/posts/index/Hans/2017-01-20/Mahila-Congress-workers-hold-dharna-in-Nizamabad/274544,protests,0.506264399797727,,,20170119,20170119213000
http://www.adnews.com.au/news/industry-raises-more-than-100k-to-reinstate-controversial-australia-day-billboard,protests,0.504586055981527,-34.15,148.8,20170119,20170119053000
http://in.newshub.org/jallikattu-protests-spread-across-tamil-nadu-chief-minister-panneerselvam-meet-pm-nar-25107333.html,protests,0.5027903141582807,13.0514,80.2839,20170119,20170119003000
http://www.salon.com/2017/01/19/staff-strikes-again-shutter-haitis-public-hospitals/,protests,0.5015517676175909,18.5392,-72.335,20170119,20170119233000
http://dailyillini.com/news/2017/01/18/community-members-march-womens-rights/,protests,0.4979416873737444,40.1164,-88.2434,20170119,20170119020000
http://www.stanforddaily.com/2017/01/18/stanford-responds-to-ferpa-protest-requests/,protests,0.4969356774460065,,,20170119,20170119101500
https://www.pinknews.co.uk/2017/01/18/pride-toronto-bans-police-from-parade-after-black-lives-matter-dispute/,protests,0.4944728255237298,43.6667,-79.4167,20170119,20170119013000
https://nextcity.org/daily/entry/philly-park-sitting-ban-protests-public-space-rights,protests,0.4912126344166632,39.9493,-75.1724,20170112,20170119190000
http://www.newser.com/story/237115/feds-accuse-oracle-of-paying-white-men-more.html,labour_strike,0.4887621262008715,38.0,-97.0,20170119,20170119190000
https://www.theguardian.com/global-development-professionals-network/2017/jan/19/water-wars-infrastructure-isis-peace,flood,0.487733752213524,49.0,32.0,20170119,20170119120000
http://www.nyoooz.com/delhi/711238/aiims-threatens-to-sack-14-doctors-over-protest,protests,0.4862727192791128,28.6667,77.2167,20170119,20170119030000
http://www.avnetwork.com/digital-signage-weekly/samsung-highlighted-iot-innovations-at-national-retail-federations-big-show-2017/125667,protests,0.4846828368589793,,,20170119,20170119034500
http://www.sheppnews.com.au/national/2017/01/19/70040/bhp-strikes-deal-to-settle-samarco-claim,labour_strike,0.4844323361365129,-10.0,-55.0,20170119,20170119073000
http://swling.com/blog/2017/01/outback-workers-fight-closure-of-abcs-shortwave-service/,protests,0.4818335886181569,-20.0,134.0,20170119,20170119134500
http://nation.com.pk/national/19-Jan-2017/govt-failed-to-present-money-trail-in-sc-says-sheikh-rasheed,protests,0.4808564552575036,9.0,-80.0,20170119,20170119094500
http://odishasamaya.com/india/villagers-to-monitor-kaziranga-animal-movement-during-flood/57491/,flood,0.4804422842709351,26.0,93.5,20170119,20170119084500
http://gulfbusiness.com/kuwait-oil-company-union-protests-privatisation-plans/,protests,0.4796246015317011,29.3375,47.6581,20170119,20170119074500
http://www.thedailymeal.com/news/eat/jean-georges-trump-tower-was-site-cough-protest/011817,protests,0.4779029229596749,45.4667,9.2,20170119,20170119011500
http://www.thedailymash.co.uk/news/society/berlin-to-send-back-thousands-of-british-hipsters-20170119120532,protests,0.4778579463005026,52.5167,13.4,20170119,20170119130000
http://newyork.cbslocal.com/2017/01/18/englewood-hospital-water-lead/,flood,0.4777155964975541,49.1961,-2.12585,20170119,20170119064500
http://mondoweiss.net/2017/01/batsheva-complicity-government/,protests,0.4772134336408934,31.5,34.75,20170119,20170119170000
https://www.newsghana.com.gh/kenyan-universities-hit-by-paralysis-as-lecturers-down-tools-over-pay/,protests,0.4748227933515473,-1.28333,36.8167,20170119,20170119191500
http://www.coventrytelegraph.net/news/free-speech-should-not-crucified-12476749,protests,0.4729420988312794,52.5167,-2.0,20170119,20170119130000
http://www.sandiegouniontribune.com/weather/sd-no-flood-prepare-20170117-story.html,flood,0.4727918356593369,33.1434,-117.166,20170119,20170119021500
http://www.daijiworld.com/news/newsDisplay.aspx?newsID=433226,protests,0.4722850587173212,13.5,76.0,20170119,20170119071500
http://www.washingtontimes.com/news/2017/jan/18/high-court-denies-mans-plea-to-hear-case-against-r/,protests,0.4710319345680299,41.1289,-98.2883,20170119,20170119000000
http://www.newsy.com/stories/who-plans-to-boycott-the-inauguration/,protests,0.4685554382156034,32.9866,-83.6487,20170112,20170119024500
http://www.malaysiakini.com/columns/369751,protests,0.4631905314077573,3.16667,101.7,20170119,20170119013000
http://www.abc.net.au/news/2017-01-19/police-stand-by-closure-of-alice-springs-station-at-night/8195608,protests,0.4616865881884606,,,20170119,20170119113000
http://nation.com.pk/karachi/19-Jan-2017/no-differences-with-rangers-chandio-over-extension-in-its-powers-chandio,protests,0.4596205154437392,24.8667,67.05,20170119,20170119021500
http://www.outlookindia.com/newswire/story/tn-chief-minister-panneerselvam-to-meet-pm-as-protests-over-jallikattu-intesify/964802,protests,0.4595008970087484,28.6,77.2,20170119,20170119050000
http://www.tremeritus.com/2017/01/19/where-were-our-pro-business-unions-when-our-workers-needed-them-most/,labour_strike,0.4575214980038805,1.3667,103.8,20170119,20170119004500
http://www.thelocal.es/20170119/why-people-will-be-taking-to-madrid-streets,protests,0.456491546644449,40.4,-3.68333,20170119,20170119140000
http://www.thaivisa.com/forum/topic/964471-us-protest-group-vows-to-disrupt-trump-inaugural-festivities/,protests,0.4542301570968976,25.7907,-80.13,20170119,20170119114500
https://www.theguardian.com/sustainable-business/2017/jan/19/roll-with-it-why-more-people-with-disability-are-not-employed-by-retailers,protests,0.4540326588712459,-27.0,133.0,20170119,20170119023000
http://www.news.va/en/news/africaivory-coast-new-military-and-police-protests,protests,0.4517130879038354,5.34111,-4.02806,20170119,20170119140000
http://www.firstpost.com/india/jallikattu-row-live-tamil-nadu-cm-panneerselvam-to-meet-pm-modi-as-protests-continue-3208868.html,protests,0.4511467669628732,10.0667,78.05,20170119,20170119041500
http://www.abc.net.au/news/2017-01-19/new-billboards-featuring-girls-in-hijabs-to-be-installed/8194000,protests,0.4499967996471847,-37.8167,144.967,20170119,20170119031500
https://www.thenews.com.pk/print/180136-Civil-society-working-for-peoples-rights,protests,0.4499416477409095,29.1035,70.325,20170119,20170119020000
http://www.texasgopvote.com/family/mlk-legacy-marches-san-antonio-2017-009448,protests,0.449390706150132,29.4241,-98.4936,20170119,20170119171500
https://www.lewrockwell.com/2017/01/no_author/great-molasses-flood-1919/,flood,0.4486771074069433,18.2766,-66.335,20170119,20170119053000
http://dailysignal.com/2017/01/18/scott-pruitt-provides-an-opportunity-to-rein-in-a-rogue-epa/,protests,0.4463238719676891,35.0,105.0,20170119,20170119000000
http://ottawacitizen.com/news/local-news/no-strike-but-other-job-actions-set-for-sto-transit-system,labour_strike,0.4435723100198825,45.4833,-75.65,20170119,20170119184500
http://www.premier.org.uk/News/World/Concern-mounts-for-missing-religious-freedom-activists-in-Pakistan,protests,0.4427073897754114,33.7,73.1667,20170119,20170119101500
http://worldtribunepakistan.com/2017/01/19/gen-bajwa-pledges-continued-support-to-sindh-police-civil-administration/,protests,0.4389283202892464,28.9607,64.9381,20170119,20170119181500
http://www.concordmonitor.com/Letter-NH-Right-to-work-7475252,protests,0.4389190342319827,43.4108,-71.5653,20170119,20170119064500
http://www.thefader.com/2017/01/18/pride-toronto-police-ban,protests,0.4388819270044095,43.6667,-79.4167,20170119,20170119030000
http://wgno.com/2017/01/18/rainy-thursday-severe-weather-possible-saturday/,flood,0.4361729219795192,32.7673,-89.6812,20170119,20170119050000
https://www.socialistalternative.org/2017/01/19/global-resistance-trumps-inauguration/,protests,0.4358778947575067,10.0,8.0,20170119,20170119184500
http://www.panarmenian.net/eng/news/230374/,protests,0.4343504566200026,-41.0,174.0,20170119,20170119121500
http://www.livemint.com/Opinion/SwgvB4GyaPagaD6QKBS99M/No-to-more-radical-economic-revolutions.html,protests,0.434330424180733,20.0,77.0,20170119,20170119214500
http://www.freepressjournal.in/mumbai/mumbai-one-drowns-two-missing-in-powai-lake-accident/1004845,flood,0.4342923238138215,19.0833,72.9,20170119,20170119034500
http://www.kxxv.com/story/34294963/txdot-monitoring-high-water-on-angelina-co-roadways,flood,0.4330247693798846,31.1871,-94.781,20170119,20170119104500
http://www.kmov.com/story/34298366/st-louis-manufacturers-address-worker-shortage,labour_strike,0.432335287058757,38.4623,-92.302,20170119,20170119191500
http://www.upi.com/Science_News/2017/01/19/Evidence-of-historic-flood-pattern-found-in-Chinese-caves/1981484845866/,flood,0.4322448460712499,31.7867,121.141,20170119,20170119181500
http://ktar.com/story/1428932/flagstaff-delays-action-backlash-over-minimum-wage-law/,protests,0.4314228556392826,40.0,-4.0,20170119,20170119000000
http://www.scotsman.com/news/uk/pm-refuses-to-rule-out-blocking-scots-mps-voting-on-brexit-law-1-4342590,protests,0.4313640467687518,50.8333,4.33333,20170119,20170119011500
http://www.firstpost.com/india/jammu-and-kashmir-let-militant-killed-in-encounter-in-bandipora-3210740.html,protests,0.4307937141910966,,,20170119,20170119051500
http://www.dw.com/en/senegal-army-enters-gambia-in-support-of-barrow/a-37200499,protests,0.4301411674891736,54.0,-2.0,20170119,20170119203000
http://www.dw.com/en/west-african-countries-halt-gambia-military-operation/a-37200499,protests,0.4301411674891736,11.0,-10.0,20170119,20170119233000
http://www.thedailyworld.com/news/commercial-fisheries-disaster-opens-door-to-federal-relief-for-grays-harbor-communities/,flood,0.4281953332129105,46.734,-124.078,20170119,20170119220000
http://ncr-iran.org/en/ncri-statements/president-elect/21987-maryam-rajavi-calls-on-the-people-of-tehran-to-rush-to-the-aid-of-the-injured-and-victims-of-the-deadly-blaze-in-tehran-s-plasco-building,protests,0.4276317663196029,35.75,51.5148,20170119,20170119193000
http://www.citynews.ca/2017/01/18/pride-toronto-no-plans-backtrack-police-parade-ban/,protests,0.4273393192375367,43.6667,-79.4167,20170119,20170119003000
http://www.timesledger.com/stories/2017/3/poets-protest-2017_01_20_q.html,protests,0.4270546728221797,31.106,-97.6475,20170119,20170119111500
http://www.politicsweb.co.za/politics/gambia-crisis-south-africas-silence-condemnable--s,protests,0.4268751275246459,-29.0,26.0,20170119,20170119163000
http://zeenews.india.com/jammu-and-kashmir/lashkar-e-toiba-militant-gunned-down-in-jks-bandipora_1968567.html,protests,0.4234664597312385,26.1967,78.1514,20170119,20170119064500
http://www.tallahassee.com/story/news/2017/01/18/hundreds-tallahasseeans-march-washington/96678432/,protests,0.4226048455461491,8.96667,-79.5333,20170119,20170119040000
http://www.couriermail.com.au/business/breaking-news/bhp-strikes-deal-to-settle-samarco-claim/news-story/673193bad4c7c017c99df8d0e5700863?nk=8139141a6fea90b70a0685ba200cd402-1484809390,labour_strike,0.421554036191921,-10.0,-55.0,20170119,20170119071500
http://pakobserver.net/4-water-related-projects-remained-incomplete-during-2016/,flood,0.4209944371767694,26.4167,67.65,20170119,20170119033000
http://www.lifezette.com/polizette/organizers-of-womens-march-share-radical-past/,protests,0.4205303100320651,31.5,34.75,20170119,20170119114500
http://www.asianage.com/india/all-india/190117/manmohan-singh-to-urjit-patels-rescue-amid-mps-flak.html,protests,0.4185991171397269,23.9833,78.4833,20170119,20170119001500
http://homernews.com/homer-opinion/2017-01-19/saturday-march-raise-rights-awareness-not-be-critical,protests,0.417015736632003,38.8951,-77.0364,20170119,20170119213000
http://www.india.com/news/india/plea-in-supreme-court-seeking-removal-of-rbi-directors-over-note-ban-1770149/,protests,0.414609029806518,28.6,77.2,20170119,20170119161500
https://www.thenews.com.pk/print/180171-KP-govt-opposition-at-loggerheads-over-projects-inauguration,protests,0.4102824328871096,34.2019,72.0525,20170119,20170119020000
http://www.lbc.co.uk/radio/presenters/ian-collins/ian-collins-nauseous-over-trump-protest-in-london/,protests,0.4098809100820616,51.5,-0.116667,20170119,20170119084500
https://www.modernghana.com/news/750317/dozens-of-is-fighters-killed-in-us-b-2-strikes-in-libya.html,protests,0.4071237286692646,31.2089,16.5887,20170119,20170119153000
http://news.thomasnet.com/fullstory/rtan-series-chip-resistors-offer-low-resistance-shift-40001724,protests,0.4070300039632155,40.5773,-77.264,20170119,20170119180000
https://fcnp.com/2017/01/18/f-c-council-fairfax-water-clash-new-tank/,flood,0.4059357076985828,38.0,-97.0,20170119,20170119051500
http://news.trust.org/item/20170118141257-8bujf,protests,0.4058217647376592,10.0,8.0,20170119,20170119000000
http://amsterdamnews.com/news/2017/jan/19/newark-airport-workers-rally-mlk-day/,protests,0.4053601094694015,40.7357,-74.1724,20170119,20170119233000
http://files.heraldscotland.com/news/health/15023253.NHS_complaints__more_than_double__in_decade_since_SNP_came_to_power/,protests,0.4046232702142839,54.0,-2.0,20170119,20170119231500
https://www.today.ng/news/africa/247593/zimbabwe-data-prices-frontline-anti-mugabe-protests,protests,0.4019469304090247,-17.8178,31.0447,20170119,20170119153000
http://www.voanews.com/a/south-sundan-defections-splm-splaio-kiir-machar/3681833.html,protests,0.4018073778629579,4.84597,31.6012,20170119,20170119003000
http://www.goldcoastbulletin.com.au/news/australia-day-billboard-featuring-girls-in-hijabs-set-to-return-after-hugely-successful-crowdfunding-campaign/news-story/57c9a36346025872c1794ce845134181?nk=7a2f6acc2017e768d0116525bec3a289-1484783252,protests,0.4017473768359038,-37.8167,144.967,20170119,20170119000000
http://malaysiandigest.com/frontpage/29-4-tile/654146-supreme-court-hears-case-of-muslims-detained-after-9-11.html,protests,0.401181902043963,,,20170119,20170119144500
http://www.ejinsight.com/20170119-us-protest-group-vows-to-disrupt-trump-inaugural-festivities/,protests,0.4004783424270657,38.8951,-77.0364,20170119,20170119010000
